[2025-06-30 11:02:26.566][4453474][info][main] [source/server/server.cc:430] initializing epoch 0 (base id=0, hot restart version=disabled)
[2025-06-30 11:02:26.567][4453474][info][main] [source/server/server.cc:432] statically linked extensions:
[2025-06-30 11:02:26.567][4453474][info][main] [source/server/server.cc:434]   envoy.regex_engines: envoy.regex_engines.google_re2
[2025-06-30 11:02:26.567][4453474][info][main] [source/server/server.cc:434]   envoy.http.injected_credentials: envoy.http.injected_credentials.generic, envoy.http.injected_credentials.oauth2
[2025-06-30 11:02:26.567][4453474][info][main] [source/server/server.cc:434]   envoy.stats_sinks: envoy.dog_statsd, envoy.graphite_statsd, envoy.metrics_service, envoy.open_telemetry_stat_sink, envoy.stat_sinks.dog_statsd, envoy.stat_sinks.graphite_statsd, envoy.stat_sinks.hystrix, envoy.stat_sinks.metrics_service, envoy.stat_sinks.open_telemetry, envoy.stat_sinks.statsd, envoy.stat_sinks.wasm, envoy.statsd
[2025-06-30 11:02:26.567][4453474][info][main] [source/server/server.cc:434]   envoy.tracers.opentelemetry.resource_detectors: envoy.tracers.opentelemetry.resource_detectors.dynatrace, envoy.tracers.opentelemetry.resource_detectors.environment, envoy.tracers.opentelemetry.resource_detectors.static_config
[2025-06-30 11:02:26.567][4453474][info][main] [source/server/server.cc:434]   envoy.rate_limit_descriptors: envoy.rate_limit_descriptors.expr
[2025-06-30 11:02:26.567][4453474][info][main] [source/server/server.cc:434]   envoy.common.key_value: envoy.key_value.file_based
[2025-06-30 11:02:26.567][4453474][info][main] [source/server/server.cc:434]   envoy.tracers.opentelemetry.samplers: envoy.tracers.opentelemetry.samplers.always_on, envoy.tracers.opentelemetry.samplers.dynatrace
[2025-06-30 11:02:26.567][4453474][info][main] [source/server/server.cc:434]   envoy.thrift_proxy.protocols: auto, binary, binary/non-strict, compact, twitter
[2025-06-30 11:02:26.567][4453474][info][main] [source/server/server.cc:434]   envoy.access_loggers: envoy.access_loggers.file, envoy.access_loggers.fluentd, envoy.access_loggers.http_grpc, envoy.access_loggers.open_telemetry, envoy.access_loggers.stderr, envoy.access_loggers.stdout, envoy.access_loggers.tcp_grpc, envoy.access_loggers.wasm, envoy.file_access_log, envoy.fluentd_access_log, envoy.http_grpc_access_log, envoy.open_telemetry_access_log, envoy.stderr_access_log, envoy.stdout_access_log, envoy.tcp_grpc_access_log, envoy.wasm_access_log
[2025-06-30 11:02:26.567][4453474][info][main] [source/server/server.cc:434]   envoy.quic.server_preferred_address: quic.server_preferred_address.datasource, quic.server_preferred_address.fixed
[2025-06-30 11:02:26.567][4453474][info][main] [source/server/server.cc:434]   envoy.formatter: envoy.formatter.cel, envoy.formatter.metadata, envoy.formatter.req_without_query
[2025-06-30 11:02:26.567][4453474][info][main] [source/server/server.cc:434]   envoy.dubbo_proxy.filters: envoy.filters.dubbo.router
[2025-06-30 11:02:26.567][4453474][info][main] [source/server/server.cc:434]   envoy.matching.http.input: envoy.matching.inputs.cel_data_input, envoy.matching.inputs.destination_ip, envoy.matching.inputs.destination_port, envoy.matching.inputs.direct_source_ip, envoy.matching.inputs.dns_san, envoy.matching.inputs.dynamic_metadata, envoy.matching.inputs.filter_state, envoy.matching.inputs.request_headers, envoy.matching.inputs.request_trailers, envoy.matching.inputs.response_headers, envoy.matching.inputs.response_trailers, envoy.matching.inputs.server_name, envoy.matching.inputs.source_ip, envoy.matching.inputs.source_port, envoy.matching.inputs.source_type, envoy.matching.inputs.status_code_class_input, envoy.matching.inputs.status_code_input, envoy.matching.inputs.subject, envoy.matching.inputs.uri_san, query_params
[2025-06-30 11:02:26.567][4453474][info][main] [source/server/server.cc:434]   envoy.http.stateful_header_formatters: envoy.http.stateful_header_formatters.preserve_case, preserve_case
[2025-06-30 11:02:26.567][4453474][info][main] [source/server/server.cc:434]   envoy.rbac.matchers: envoy.rbac.matchers.upstream_ip_port
[2025-06-30 11:02:26.567][4453474][info][main] [source/server/server.cc:434]   envoy.compression.decompressor: envoy.compression.brotli.decompressor, envoy.compression.gzip.decompressor, envoy.compression.zstd.decompressor
[2025-06-30 11:02:26.567][4453474][info][main] [source/server/server.cc:434]   envoy.http.header_validators: envoy.http.header_validators.envoy_default
[2025-06-30 11:02:26.567][4453474][info][main] [source/server/server.cc:434]   envoy.listener_manager_impl: envoy.listener_manager_impl.default, envoy.listener_manager_impl.validation
[2025-06-30 11:02:26.567][4453474][info][main] [source/server/server.cc:434]   envoy.transport_sockets.upstream: envoy.transport_sockets.alts, envoy.transport_sockets.http_11_proxy, envoy.transport_sockets.internal_upstream, envoy.transport_sockets.quic, envoy.transport_sockets.raw_buffer, envoy.transport_sockets.starttls, envoy.transport_sockets.tap, envoy.transport_sockets.tcp_stats, envoy.transport_sockets.tls, envoy.transport_sockets.upstream_proxy_protocol, raw_buffer, starttls, tls
[2025-06-30 11:02:26.567][4453474][info][main] [source/server/server.cc:434]   envoy.guarddog_actions: envoy.watchdog.abort_action, envoy.watchdog.profile_action
[2025-06-30 11:02:26.567][4453474][info][main] [source/server/server.cc:434]   envoy.config_mux: envoy.config_mux.delta_grpc_mux_factory, envoy.config_mux.grpc_mux_factory, envoy.config_mux.new_grpc_mux_factory, envoy.config_mux.sotw_grpc_mux_factory
[2025-06-30 11:02:26.567][4453474][info][main] [source/server/server.cc:434]   envoy.quic.connection_id_generator: envoy.quic.deterministic_connection_id_generator
[2025-06-30 11:02:26.567][4453474][info][main] [source/server/server.cc:434]   envoy.quic.proof_source: envoy.quic.proof_source.filter_chain
[2025-06-30 11:02:26.567][4453474][info][main] [source/server/server.cc:434]   envoy.config.validators: envoy.config.validators.minimum_clusters, envoy.config.validators.minimum_clusters_validator
[2025-06-30 11:02:26.567][4453474][info][main] [source/server/server.cc:434]   envoy.upstreams: envoy.filters.connection_pools.tcp.generic
[2025-06-30 11:02:26.567][4453474][info][main] [source/server/server.cc:434]   envoy.http.early_header_mutation: envoy.http.early_header_mutation.header_mutation
[2025-06-30 11:02:26.567][4453474][info][main] [source/server/server.cc:434]   envoy.access_loggers.extension_filters: envoy.access_loggers.extension_filters.cel
[2025-06-30 11:02:26.567][4453474][info][main] [source/server/server.cc:434]   envoy.http.original_ip_detection: envoy.http.original_ip_detection.custom_header, envoy.http.original_ip_detection.xff
[2025-06-30 11:02:26.567][4453474][info][main] [source/server/server.cc:434]   envoy.quic.server.crypto_stream: envoy.quic.crypto_stream.server.quiche
[2025-06-30 11:02:26.567][4453474][info][main] [source/server/server.cc:434]   envoy.route_config_update_requester: envoy.route_config_update_requester.default
[2025-06-30 11:02:26.567][4453474][info][main] [source/server/server.cc:434]   envoy.rds_factory: envoy.rds_factory.default
[2025-06-30 11:02:26.567][4453474][info][main] [source/server/server.cc:434]   envoy.built_in_formatters.http: envoy.built_in_formatters.http.default
[2025-06-30 11:02:26.567][4453474][info][main] [source/server/server.cc:434]   envoy.geoip_providers: envoy.geoip_providers.maxmind
[2025-06-30 11:02:26.567][4453474][info][main] [source/server/server.cc:434]   envoy.wasm.runtime: envoy.wasm.runtime.null
[2025-06-30 11:02:26.567][4453474][info][main] [source/server/server.cc:434]   envoy.upstream_options: envoy.extensions.upstreams.http.v3.HttpProtocolOptions, envoy.extensions.upstreams.tcp.v3.TcpProtocolOptions, envoy.upstreams.http.http_protocol_options, envoy.upstreams.tcp.tcp_protocol_options
[2025-06-30 11:02:26.567][4453474][info][main] [source/server/server.cc:434]   envoy.http.stateful_session: envoy.http.stateful_session.cookie, envoy.http.stateful_session.header
[2025-06-30 11:02:26.567][4453474][info][main] [source/server/server.cc:434]   envoy.http.custom_response: envoy.extensions.http.custom_response.local_response_policy, envoy.extensions.http.custom_response.redirect_policy
[2025-06-30 11:02:26.567][4453474][info][main] [source/server/server.cc:434]   envoy.filters.http.upstream: envoy.buffer, envoy.ext_proc, envoy.filters.http.admission_control, envoy.filters.http.aws_lambda, envoy.filters.http.aws_request_signing, envoy.filters.http.buffer, envoy.filters.http.composite, envoy.filters.http.ext_proc, envoy.filters.http.header_mutation, envoy.filters.http.match_delegate, envoy.filters.http.upstream_codec, envoy.filters.http.wasm
[2025-06-30 11:02:26.567][4453474][info][main] [source/server/server.cc:434]   envoy.health_checkers: envoy.health_checkers.grpc, envoy.health_checkers.http, envoy.health_checkers.redis, envoy.health_checkers.tcp, envoy.health_checkers.thrift
[2025-06-30 11:02:26.567][4453474][info][main] [source/server/server.cc:434]   envoy.resource_monitors: envoy.resource_monitors.cpu_utilization, envoy.resource_monitors.fixed_heap, envoy.resource_monitors.injected_resource
[2025-06-30 11:02:26.567][4453474][info][main] [source/server/server.cc:434]   envoy.upstream.local_address_selector: envoy.upstream.local_address_selector.default_local_address_selector
[2025-06-30 11:02:26.567][4453474][info][main] [source/server/server.cc:434]   envoy.ssl.server_context_factory: envoy.ssl.server_context_factory.default
[2025-06-30 11:02:26.567][4453474][info][main] [source/server/server.cc:434]   envoy.dubbo_proxy.serializers: dubbo.hessian2
[2025-06-30 11:02:26.567][4453474][info][main] [source/server/server.cc:434]   envoy.tracers: envoy.tracers.datadog, envoy.tracers.opentelemetry, envoy.tracers.skywalking, envoy.tracers.xray, envoy.tracers.zipkin, envoy.zipkin
[2025-06-30 11:02:26.567][4453474][info][main] [source/server/server.cc:434]   envoy.filters.udp_listener: envoy.filters.udp.dns_filter, envoy.filters.udp_listener.udp_proxy
[2025-06-30 11:02:26.567][4453474][info][main] [source/server/server.cc:434]   envoy.retry_host_predicates: envoy.retry_host_predicates.omit_canary_hosts, envoy.retry_host_predicates.omit_host_metadata, envoy.retry_host_predicates.previous_hosts
[2025-06-30 11:02:26.567][4453474][info][main] [source/server/server.cc:434]   envoy.bootstrap: envoy.bootstrap.internal_listener, envoy.bootstrap.wasm, envoy.extensions.network.socket_interface.default_socket_interface
[2025-06-30 11:02:26.567][4453474][info][main] [source/server/server.cc:434]   envoy.network.dns_resolver: envoy.network.dns_resolver.apple, envoy.network.dns_resolver.cares, envoy.network.dns_resolver.getaddrinfo
[2025-06-30 11:02:26.567][4453474][info][main] [source/server/server.cc:434]   envoy.health_check.event_sinks: envoy.health_check.event_sink.file
[2025-06-30 11:02:26.567][4453474][info][main] [source/server/server.cc:434]   envoy.router.cluster_specifier_plugin: envoy.router.cluster_specifier_plugin.lua
[2025-06-30 11:02:26.567][4453474][info][main] [source/server/server.cc:434]   envoy.clusters: envoy.cluster.dns, envoy.cluster.eds, envoy.cluster.logical_dns, envoy.cluster.original_dst, envoy.cluster.static, envoy.cluster.strict_dns, envoy.clusters.aggregate, envoy.clusters.dynamic_forward_proxy, envoy.clusters.redis
[2025-06-30 11:02:26.567][4453474][info][main] [source/server/server.cc:434]   envoy.matching.generic_proxy_request_input.input: envoy.matching.generic_proxy.input.host, envoy.matching.generic_proxy.input.method, envoy.matching.generic_proxy.input.path, envoy.matching.generic_proxy.input.property, envoy.matching.generic_proxy.input.request, envoy.matching.generic_proxy.input.service
[2025-06-30 11:02:26.567][4453474][info][main] [source/server/server.cc:434]   envoy.internal_redirect_predicates: envoy.internal_redirect_predicates.allow_listed_routes, envoy.internal_redirect_predicates.previous_routes, envoy.internal_redirect_predicates.safe_cross_scheme
[2025-06-30 11:02:26.567][4453474][info][main] [source/server/server.cc:434]   envoy.retry_priorities: envoy.retry_priorities.previous_priorities
[2025-06-30 11:02:26.567][4453474][info][main] [source/server/server.cc:434]   envoy.matching.network.custom_matchers: envoy.matching.custom_matchers.trie_matcher
[2025-06-30 11:02:26.567][4453474][info][main] [source/server/server.cc:434]   envoy.thrift_proxy.filters: envoy.filters.thrift.header_to_metadata, envoy.filters.thrift.payload_to_metadata, envoy.filters.thrift.rate_limit, envoy.filters.thrift.router
[2025-06-30 11:02:26.567][4453474][info][main] [source/server/server.cc:434]   envoy.http.cache: envoy.extensions.http.cache.file_system_http_cache, envoy.extensions.http.cache.simple
[2025-06-30 11:02:26.567][4453474][info][main] [source/server/server.cc:434]   envoy.tls.cert_validator: envoy.tls.cert_validator.default, envoy.tls.cert_validator.spiffe
[2025-06-30 11:02:26.567][4453474][info][main] [source/server/server.cc:434]   envoy.matching.http.custom_matchers: envoy.matching.custom_matchers.trie_matcher
[2025-06-30 11:02:26.567][4453474][info][main] [source/server/server.cc:434]   envoy.built_in_formatters.generic_proxy: envoy.built_in_formatters.generic_poxy.default
[2025-06-30 11:02:26.567][4453474][info][main] [source/server/server.cc:434]   envoy.config_subscription: envoy.config_subscription.ads, envoy.config_subscription.ads_collection, envoy.config_subscription.aggregated_grpc_collection, envoy.config_subscription.delta_grpc, envoy.config_subscription.delta_grpc_collection, envoy.config_subscription.filesystem, envoy.config_subscription.filesystem_collection, envoy.config_subscription.grpc, envoy.config_subscription.rest
[2025-06-30 11:02:26.567][4453474][info][main] [source/server/server.cc:434]   envoy.thrift_proxy.transports: auto, framed, header, unframed
[2025-06-30 11:02:26.567][4453474][info][main] [source/server/server.cc:434]   envoy.route.early_data_policy: envoy.route.early_data_policy.default
[2025-06-30 11:02:26.567][4453474][info][main] [source/server/server.cc:434]   envoy.matching.action: envoy.matching.actions.format_string, filter-chain-name
[2025-06-30 11:02:26.567][4453474][info][main] [source/server/server.cc:434]   envoy.resolvers: envoy.ip
[2025-06-30 11:02:26.567][4453474][info][main] [source/server/server.cc:434]   envoy.built_in_formatters.stream_info: envoy.built_in_formatters.stream_info.default
[2025-06-30 11:02:26.567][4453474][info][main] [source/server/server.cc:434]   envoy.path.match: envoy.path.match.uri_template.uri_template_matcher
[2025-06-30 11:02:26.567][4453474][info][main] [source/server/server.cc:434]   envoy.filters.listener: envoy.filters.listener.http_inspector, envoy.filters.listener.local_ratelimit, envoy.filters.listener.original_dst, envoy.filters.listener.original_src, envoy.filters.listener.proxy_protocol, envoy.filters.listener.tls_inspector, envoy.listener.http_inspector, envoy.listener.original_dst, envoy.listener.original_src, envoy.listener.proxy_protocol, envoy.listener.tls_inspector
[2025-06-30 11:02:26.567][4453474][info][main] [source/server/server.cc:434]   envoy.request_id: envoy.request_id.uuid
[2025-06-30 11:02:26.567][4453474][info][main] [source/server/server.cc:434]   envoy.udp_packet_writer: envoy.udp_packet_writer.default
[2025-06-30 11:02:26.567][4453474][info][main] [source/server/server.cc:434]   envoy.path.rewrite: envoy.path.rewrite.uri_template.uri_template_rewriter
[2025-06-30 11:02:26.567][4453474][info][main] [source/server/server.cc:434]   envoy.transport_sockets.downstream: envoy.transport_sockets.alts, envoy.transport_sockets.quic, envoy.transport_sockets.raw_buffer, envoy.transport_sockets.starttls, envoy.transport_sockets.tap, envoy.transport_sockets.tcp_stats, envoy.transport_sockets.tls, raw_buffer, starttls, tls
[2025-06-30 11:02:26.567][4453474][info][main] [source/server/server.cc:434]   envoy.srds_factory: envoy.srds_factory.default
[2025-06-30 11:02:26.567][4453474][info][main] [source/server/server.cc:434]   envoy.matching.network.input: envoy.matching.inputs.application_protocol, envoy.matching.inputs.destination_ip, envoy.matching.inputs.destination_port, envoy.matching.inputs.direct_source_ip, envoy.matching.inputs.dns_san, envoy.matching.inputs.filter_state, envoy.matching.inputs.server_name, envoy.matching.inputs.source_ip, envoy.matching.inputs.source_port, envoy.matching.inputs.source_type, envoy.matching.inputs.subject, envoy.matching.inputs.transport_protocol, envoy.matching.inputs.uri_san
[2025-06-30 11:02:26.568][4453474][info][main] [source/server/server.cc:434]   envoy.filters.http: envoy.bandwidth_limit, envoy.buffer, envoy.cors, envoy.csrf, envoy.ext_authz, envoy.ext_proc, envoy.fault, envoy.filters.http.adaptive_concurrency, envoy.filters.http.admission_control, envoy.filters.http.alternate_protocols_cache, envoy.filters.http.api_key_auth, envoy.filters.http.aws_lambda, envoy.filters.http.aws_request_signing, envoy.filters.http.bandwidth_limit, envoy.filters.http.basic_auth, envoy.filters.http.buffer, envoy.filters.http.cache, envoy.filters.http.cdn_loop, envoy.filters.http.composite, envoy.filters.http.compressor, envoy.filters.http.connect_grpc_bridge, envoy.filters.http.cors, envoy.filters.http.credential_injector, envoy.filters.http.csrf, envoy.filters.http.custom_response, envoy.filters.http.decompressor, envoy.filters.http.dynamic_forward_proxy, envoy.filters.http.ext_authz, envoy.filters.http.ext_proc, envoy.filters.http.fault, envoy.filters.http.file_system_buffer, envoy.filters.http.gcp_authn, envoy.filters.http.geoip, envoy.filters.http.grpc_field_extraction, envoy.filters.http.grpc_http1_bridge, envoy.filters.http.grpc_http1_reverse_bridge, envoy.filters.http.grpc_json_reverse_transcoder, envoy.filters.http.grpc_json_transcoder, envoy.filters.http.grpc_stats, envoy.filters.http.grpc_web, envoy.filters.http.header_mutation, envoy.filters.http.header_to_metadata, envoy.filters.http.health_check, envoy.filters.http.ip_tagging, envoy.filters.http.json_to_metadata, envoy.filters.http.jwt_authn, envoy.filters.http.local_ratelimit, envoy.filters.http.lua, envoy.filters.http.match_delegate, envoy.filters.http.oauth2, envoy.filters.http.on_demand, envoy.filters.http.original_src, envoy.filters.http.proto_message_extraction, envoy.filters.http.rate_limit_quota, envoy.filters.http.ratelimit, envoy.filters.http.rbac, envoy.filters.http.router, envoy.filters.http.set_filter_state, envoy.filters.http.set_metadata, envoy.filters.http.stateful_session, envoy.filters.http.tap, envoy.filters.http.thrift_to_metadata, envoy.filters.http.wasm, envoy.geoip, envoy.grpc_http1_bridge, envoy.grpc_json_transcoder, envoy.grpc_web, envoy.health_check, envoy.ip_tagging, envoy.local_rate_limit, envoy.lua, envoy.rate_limit, envoy.router
[2025-06-30 11:02:26.568][4453474][info][main] [source/server/server.cc:434]   envoy.matching.common_inputs: envoy.matching.common_inputs.environment_variable
[2025-06-30 11:02:26.568][4453474][info][main] [source/server/server.cc:434]   envoy.generic_proxy.access_loggers: envoy.generic_proxy.access_loggers.file
[2025-06-30 11:02:26.568][4453474][info][main] [source/server/server.cc:434]   envoy.quic.connection_debug_visitor: envoy.quic.connection_debug_visitor.basic, envoy.quic.connection_debug_visitor.quic_stats
[2025-06-30 11:02:26.568][4453474][info][main] [source/server/server.cc:434]   envoy.filters.network: envoy.echo, envoy.ext_authz, envoy.filters.network.connection_limit, envoy.filters.network.direct_response, envoy.filters.network.dubbo_proxy, envoy.filters.network.echo, envoy.filters.network.ext_authz, envoy.filters.network.generic_proxy, envoy.filters.network.http_connection_manager, envoy.filters.network.local_ratelimit, envoy.filters.network.mongo_proxy, envoy.filters.network.ratelimit, envoy.filters.network.rbac, envoy.filters.network.redis_proxy, envoy.filters.network.set_filter_state, envoy.filters.network.sni_cluster, envoy.filters.network.sni_dynamic_forward_proxy, envoy.filters.network.tcp_proxy, envoy.filters.network.thrift_proxy, envoy.filters.network.wasm, envoy.filters.network.zookeeper_proxy, envoy.http_connection_manager, envoy.mongo_proxy, envoy.ratelimit, envoy.redis_proxy, envoy.tcp_proxy
[2025-06-30 11:02:26.568][4453474][info][main] [source/server/server.cc:434]   network.connection.client: default, envoy_internal
[2025-06-30 11:02:26.568][4453474][info][main] [source/server/server.cc:434]   envoy.connection_handler: envoy.connection_handler.default
[2025-06-30 11:02:26.568][4453474][info][main] [source/server/server.cc:434]   filter_state.object: envoy.filters.listener.original_dst.local_ip, envoy.filters.listener.original_dst.remote_ip, envoy.network.application_protocols, envoy.network.transport_socket.original_dst_address, envoy.network.upstream_server_name, envoy.network.upstream_subject_alt_names, envoy.ratelimit.hits_addend, envoy.string, envoy.tcp_proxy.cluster, envoy.tcp_proxy.disable_tunneling, envoy.tcp_proxy.per_connection_idle_timeout_ms, envoy.upstream.dynamic_host, envoy.upstream.dynamic_port
[2025-06-30 11:02:26.568][4453474][info][main] [source/server/server.cc:434]   envoy.matching.input_matchers: envoy.matching.input_matchers.generic_request_matcher, envoy.matching.matchers.cel_matcher, envoy.matching.matchers.consistent_hashing, envoy.matching.matchers.ip, envoy.matching.matchers.metadata_matcher, envoy.matching.matchers.runtime_fraction
[2025-06-30 11:02:26.568][4453474][info][main] [source/server/server.cc:434]   envoy.filters.udp.session: envoy.filters.udp.session.dynamic_forward_proxy, envoy.filters.udp.session.http_capsule
[2025-06-30 11:02:26.568][4453474][info][main] [source/server/server.cc:434]   envoy.grpc_credentials: envoy.grpc_credentials.aws_iam, envoy.grpc_credentials.default, envoy.grpc_credentials.file_based_metadata
[2025-06-30 11:02:26.568][4453474][info][main] [source/server/server.cc:434]   envoy.string_matcher: envoy.string_matcher.lua
[2025-06-30 11:02:26.568][4453474][info][main] [source/server/server.cc:434]   envoy.compression.compressor: envoy.compression.brotli.compressor, envoy.compression.gzip.compressor, envoy.compression.zstd.compressor
[2025-06-30 11:02:26.568][4453474][info][main] [source/server/server.cc:434]   envoy.dubbo_proxy.protocols: dubbo
[2025-06-30 11:02:26.568][4453474][info][main] [source/server/server.cc:434]   envoy.load_balancing_policies: envoy.load_balancing_policies.client_side_weighted_round_robin, envoy.load_balancing_policies.cluster_provided, envoy.load_balancing_policies.least_request, envoy.load_balancing_policies.maglev, envoy.load_balancing_policies.random, envoy.load_balancing_policies.ring_hash, envoy.load_balancing_policies.round_robin, envoy.load_balancing_policies.subset
[2025-06-30 11:02:26.568][4453474][info][main] [source/server/server.cc:434]   envoy.generic_proxy.codecs: envoy.generic_proxy.codecs.dubbo, envoy.generic_proxy.codecs.http1
[2025-06-30 11:02:26.568][4453474][info][main] [source/server/server.cc:434]   envoy.generic_proxy.filters: envoy.filters.generic.router
[2025-06-30 11:02:26.568][4453474][info][main] [source/server/server.cc:434]   quic.http_server_connection: quic.http_server_connection.default
[2025-06-30 11:02:26.575][4453474][info][main] [source/server/server.cc:494] HTTP header map info:
[2025-06-30 11:02:26.577][4453474][info][main] [source/server/server.cc:497]   request header map: 656 bytes: :authority,:method,:path,:protocol,:scheme,accept,accept-encoding,access-control-request-headers,access-control-request-method,access-control-request-private-network,authentication,authorization,cache-control,cdn-loop,connection,content-encoding,content-length,content-type,expect,grpc-accept-encoding,grpc-timeout,if-match,if-modified-since,if-none-match,if-range,if-unmodified-since,keep-alive,origin,pragma,proxy-connection,proxy-status,referer,te,transfer-encoding,upgrade,user-agent,via,x-client-trace-id,x-envoy-attempt-count,x-envoy-decorator-operation,x-envoy-downstream-service-cluster,x-envoy-downstream-service-node,x-envoy-expected-rq-timeout-ms,x-envoy-external-address,x-envoy-force-trace,x-envoy-hedge-on-per-try-timeout,x-envoy-internal,x-envoy-ip-tags,x-envoy-is-timeout-retry,x-envoy-max-retries,x-envoy-original-path,x-envoy-original-url,x-envoy-retriable-header-names,x-envoy-retriable-status-codes,x-envoy-retry-grpc-on,x-envoy-retry-on,x-envoy-upstream-alt-stat-name,x-envoy-upstream-rq-per-try-timeout-ms,x-envoy-upstream-rq-timeout-alt-response,x-envoy-upstream-rq-timeout-ms,x-envoy-upstream-stream-duration-ms,x-forwarded-client-cert,x-forwarded-for,x-forwarded-host,x-forwarded-port,x-forwarded-proto,x-request-id
[2025-06-30 11:02:26.577][4453474][info][main] [source/server/server.cc:497]   request trailer map: 120 bytes: 
[2025-06-30 11:02:26.577][4453474][info][main] [source/server/server.cc:497]   response header map: 432 bytes: :status,access-control-allow-credentials,access-control-allow-headers,access-control-allow-methods,access-control-allow-origin,access-control-allow-private-network,access-control-expose-headers,access-control-max-age,age,cache-control,connection,content-encoding,content-length,content-type,date,etag,expires,grpc-message,grpc-status,keep-alive,last-modified,location,proxy-connection,proxy-status,server,transfer-encoding,upgrade,vary,via,x-envoy-attempt-count,x-envoy-decorator-operation,x-envoy-degraded,x-envoy-immediate-health-check-fail,x-envoy-ratelimited,x-envoy-upstream-canary,x-envoy-upstream-healthchecked-cluster,x-envoy-upstream-service-time,x-request-id
[2025-06-30 11:02:26.577][4453474][info][main] [source/server/server.cc:497]   response trailer map: 144 bytes: grpc-message,grpc-status
[2025-06-30 11:02:26.587][4453474][info][main] [source/server/server.cc:890] runtime: {}
[2025-06-30 11:02:26.587][4453474][info][main] [source/server/server.cc:735] No admin address given, so no admin HTTP server started.
[2025-06-30 11:02:26.587][4453474][info][config] [source/server/configuration_impl.cc:173] loading tracing configuration
[2025-06-30 11:02:26.587][4453474][info][config] [source/server/configuration_impl.cc:124] loading 0 static secret(s)
[2025-06-30 11:02:26.587][4453474][info][config] [source/server/configuration_impl.cc:130] loading 1 cluster(s)
[2025-06-30 11:02:26.595][4453474][info][config] [source/server/configuration_impl.cc:140] loading 1 listener(s)
[2025-06-30 11:02:26.598][4453474][warning][config] [source/common/listener_manager/listener_impl.cc:1121] reuse_port was configured for TCP listener 'listener_0' and is being force disabled because Envoy is not running on Linux. See the documentation for more information.
[2025-06-30 11:02:26.607][4453474][info][config] [source/server/configuration_impl.cc:156] loading stats configuration
[2025-06-30 11:02:26.607][4453474][warning][main] [source/server/server.cc:959] There is no configured limit to the number of allowed active downstream connections. Configure a limit in `envoy.resource_monitors.global_downstream_max_connections` resource monitor.
[2025-06-30 11:02:26.607][4453474][info][main] [source/server/server.cc:1001] starting main dispatch loop
[2025-06-30 11:02:26.622][4453474][info][runtime] [source/common/runtime/runtime_impl.cc:632] RTDS has finished initialization
[2025-06-30 11:02:26.622][4453474][info][upstream] [source/common/upstream/cluster_manager_impl.cc:265] cm init: all clusters initialized
[2025-06-30 11:02:26.622][4453474][info][main] [source/server/server.cc:981] all clusters initialized. initializing init manager
[2025-06-30 11:02:26.622][4453474][info][config] [source/common/listener_manager/listener_manager_impl.cc:944] all dependencies initialized. starting workers
[2025-06-30 11:02:45.315][4453474][warning][main] [source/server/server.cc:933] caught SIGINT
[2025-06-30 11:02:45.315][4453474][info][main] [source/server/server.cc:1069] shutting down server instance
[2025-06-30 11:02:45.315][4453474][info][main] [source/server/server.cc:1009] main dispatch loop exited
[2025-06-30 11:02:45.319][4453474][info][main] [source/server/server.cc:1061] exiting
[2025-06-30 11:03:18.899][4454624][info][main] [source/server/server.cc:430] initializing epoch 0 (base id=0, hot restart version=disabled)
[2025-06-30 11:03:18.901][4454624][info][main] [source/server/server.cc:432] statically linked extensions:
[2025-06-30 11:03:18.901][4454624][info][main] [source/server/server.cc:434]   envoy.listener_manager_impl: envoy.listener_manager_impl.default, envoy.listener_manager_impl.validation
[2025-06-30 11:03:18.901][4454624][info][main] [source/server/server.cc:434]   envoy.quic.server_preferred_address: quic.server_preferred_address.datasource, quic.server_preferred_address.fixed
[2025-06-30 11:03:18.901][4454624][info][main] [source/server/server.cc:434]   envoy.built_in_formatters.generic_proxy: envoy.built_in_formatters.generic_poxy.default
[2025-06-30 11:03:18.901][4454624][info][main] [source/server/server.cc:434]   envoy.transport_sockets.upstream: envoy.transport_sockets.alts, envoy.transport_sockets.http_11_proxy, envoy.transport_sockets.internal_upstream, envoy.transport_sockets.quic, envoy.transport_sockets.raw_buffer, envoy.transport_sockets.starttls, envoy.transport_sockets.tap, envoy.transport_sockets.tcp_stats, envoy.transport_sockets.tls, envoy.transport_sockets.upstream_proxy_protocol, raw_buffer, starttls, tls
[2025-06-30 11:03:18.901][4454624][info][main] [source/server/server.cc:434]   envoy.wasm.runtime: envoy.wasm.runtime.null
[2025-06-30 11:03:18.901][4454624][info][main] [source/server/server.cc:434]   envoy.clusters: envoy.cluster.dns, envoy.cluster.eds, envoy.cluster.logical_dns, envoy.cluster.original_dst, envoy.cluster.static, envoy.cluster.strict_dns, envoy.clusters.aggregate, envoy.clusters.dynamic_forward_proxy, envoy.clusters.redis
[2025-06-30 11:03:18.901][4454624][info][main] [source/server/server.cc:434]   envoy.health_check.event_sinks: envoy.health_check.event_sink.file
[2025-06-30 11:03:18.901][4454624][info][main] [source/server/server.cc:434]   envoy.generic_proxy.codecs: envoy.generic_proxy.codecs.dubbo, envoy.generic_proxy.codecs.http1
[2025-06-30 11:03:18.901][4454624][info][main] [source/server/server.cc:434]   envoy.rate_limit_descriptors: envoy.rate_limit_descriptors.expr
[2025-06-30 11:03:18.901][4454624][info][main] [source/server/server.cc:434]   envoy.http.header_validators: envoy.http.header_validators.envoy_default
[2025-06-30 11:03:18.901][4454624][info][main] [source/server/server.cc:434]   envoy.http.stateful_session: envoy.http.stateful_session.cookie, envoy.http.stateful_session.header
[2025-06-30 11:03:18.901][4454624][info][main] [source/server/server.cc:434]   envoy.srds_factory: envoy.srds_factory.default
[2025-06-30 11:03:18.901][4454624][info][main] [source/server/server.cc:434]   envoy.filters.http.upstream: envoy.buffer, envoy.ext_proc, envoy.filters.http.admission_control, envoy.filters.http.aws_lambda, envoy.filters.http.aws_request_signing, envoy.filters.http.buffer, envoy.filters.http.composite, envoy.filters.http.ext_proc, envoy.filters.http.header_mutation, envoy.filters.http.match_delegate, envoy.filters.http.upstream_codec, envoy.filters.http.wasm
[2025-06-30 11:03:18.901][4454624][info][main] [source/server/server.cc:434]   envoy.matching.network.input: envoy.matching.inputs.application_protocol, envoy.matching.inputs.destination_ip, envoy.matching.inputs.destination_port, envoy.matching.inputs.direct_source_ip, envoy.matching.inputs.dns_san, envoy.matching.inputs.filter_state, envoy.matching.inputs.server_name, envoy.matching.inputs.source_ip, envoy.matching.inputs.source_port, envoy.matching.inputs.source_type, envoy.matching.inputs.subject, envoy.matching.inputs.transport_protocol, envoy.matching.inputs.uri_san
[2025-06-30 11:03:18.901][4454624][info][main] [source/server/server.cc:434]   envoy.quic.connection_debug_visitor: envoy.quic.connection_debug_visitor.basic, envoy.quic.connection_debug_visitor.quic_stats
[2025-06-30 11:03:18.901][4454624][info][main] [source/server/server.cc:434]   envoy.path.rewrite: envoy.path.rewrite.uri_template.uri_template_rewriter
[2025-06-30 11:03:18.901][4454624][info][main] [source/server/server.cc:434]   envoy.guarddog_actions: envoy.watchdog.abort_action, envoy.watchdog.profile_action
[2025-06-30 11:03:18.901][4454624][info][main] [source/server/server.cc:434]   envoy.formatter: envoy.formatter.cel, envoy.formatter.metadata, envoy.formatter.req_without_query
[2025-06-30 11:03:18.901][4454624][info][main] [source/server/server.cc:434]   envoy.generic_proxy.access_loggers: envoy.generic_proxy.access_loggers.file
[2025-06-30 11:03:18.901][4454624][info][main] [source/server/server.cc:434]   envoy.network.dns_resolver: envoy.network.dns_resolver.apple, envoy.network.dns_resolver.cares, envoy.network.dns_resolver.getaddrinfo
[2025-06-30 11:03:18.901][4454624][info][main] [source/server/server.cc:434]   envoy.route_config_update_requester: envoy.route_config_update_requester.default
[2025-06-30 11:03:18.901][4454624][info][main] [source/server/server.cc:434]   envoy.upstream_options: envoy.extensions.upstreams.http.v3.HttpProtocolOptions, envoy.extensions.upstreams.tcp.v3.TcpProtocolOptions, envoy.upstreams.http.http_protocol_options, envoy.upstreams.tcp.tcp_protocol_options
[2025-06-30 11:03:18.901][4454624][info][main] [source/server/server.cc:434]   envoy.access_loggers.extension_filters: envoy.access_loggers.extension_filters.cel
[2025-06-30 11:03:18.901][4454624][info][main] [source/server/server.cc:434]   envoy.compression.decompressor: envoy.compression.brotli.decompressor, envoy.compression.gzip.decompressor, envoy.compression.zstd.decompressor
[2025-06-30 11:03:18.901][4454624][info][main] [source/server/server.cc:434]   envoy.thrift_proxy.protocols: auto, binary, binary/non-strict, compact, twitter
[2025-06-30 11:03:18.901][4454624][info][main] [source/server/server.cc:434]   envoy.matching.action: envoy.matching.actions.format_string, filter-chain-name
[2025-06-30 11:03:18.901][4454624][info][main] [source/server/server.cc:434]   envoy.retry_host_predicates: envoy.retry_host_predicates.omit_canary_hosts, envoy.retry_host_predicates.omit_host_metadata, envoy.retry_host_predicates.previous_hosts
[2025-06-30 11:03:18.901][4454624][info][main] [source/server/server.cc:434]   envoy.retry_priorities: envoy.retry_priorities.previous_priorities
[2025-06-30 11:03:18.901][4454624][info][main] [source/server/server.cc:434]   envoy.matching.http.custom_matchers: envoy.matching.custom_matchers.trie_matcher
[2025-06-30 11:03:18.901][4454624][info][main] [source/server/server.cc:434]   envoy.grpc_credentials: envoy.grpc_credentials.aws_iam, envoy.grpc_credentials.default, envoy.grpc_credentials.file_based_metadata
[2025-06-30 11:03:18.901][4454624][info][main] [source/server/server.cc:434]   envoy.rbac.matchers: envoy.rbac.matchers.upstream_ip_port
[2025-06-30 11:03:18.901][4454624][info][main] [source/server/server.cc:434]   envoy.access_loggers: envoy.access_loggers.file, envoy.access_loggers.fluentd, envoy.access_loggers.http_grpc, envoy.access_loggers.open_telemetry, envoy.access_loggers.stderr, envoy.access_loggers.stdout, envoy.access_loggers.tcp_grpc, envoy.access_loggers.wasm, envoy.file_access_log, envoy.fluentd_access_log, envoy.http_grpc_access_log, envoy.open_telemetry_access_log, envoy.stderr_access_log, envoy.stdout_access_log, envoy.tcp_grpc_access_log, envoy.wasm_access_log
[2025-06-30 11:03:18.901][4454624][info][main] [source/server/server.cc:434]   envoy.compression.compressor: envoy.compression.brotli.compressor, envoy.compression.gzip.compressor, envoy.compression.zstd.compressor
[2025-06-30 11:03:18.901][4454624][info][main] [source/server/server.cc:434]   envoy.config_subscription: envoy.config_subscription.ads, envoy.config_subscription.ads_collection, envoy.config_subscription.aggregated_grpc_collection, envoy.config_subscription.delta_grpc, envoy.config_subscription.delta_grpc_collection, envoy.config_subscription.filesystem, envoy.config_subscription.filesystem_collection, envoy.config_subscription.grpc, envoy.config_subscription.rest
[2025-06-30 11:03:18.901][4454624][info][main] [source/server/server.cc:434]   envoy.tls.cert_validator: envoy.tls.cert_validator.default, envoy.tls.cert_validator.spiffe
[2025-06-30 11:03:18.901][4454624][info][main] [source/server/server.cc:434]   envoy.matching.generic_proxy_request_input.input: envoy.matching.generic_proxy.input.host, envoy.matching.generic_proxy.input.method, envoy.matching.generic_proxy.input.path, envoy.matching.generic_proxy.input.property, envoy.matching.generic_proxy.input.request, envoy.matching.generic_proxy.input.service
[2025-06-30 11:03:18.901][4454624][info][main] [source/server/server.cc:434]   envoy.http.stateful_header_formatters: envoy.http.stateful_header_formatters.preserve_case, preserve_case
[2025-06-30 11:03:18.901][4454624][info][main] [source/server/server.cc:434]   envoy.matching.input_matchers: envoy.matching.input_matchers.generic_request_matcher, envoy.matching.matchers.cel_matcher, envoy.matching.matchers.consistent_hashing, envoy.matching.matchers.ip, envoy.matching.matchers.metadata_matcher, envoy.matching.matchers.runtime_fraction
[2025-06-30 11:03:18.901][4454624][info][main] [source/server/server.cc:434]   envoy.dubbo_proxy.protocols: dubbo
[2025-06-30 11:03:18.901][4454624][info][main] [source/server/server.cc:434]   envoy.router.cluster_specifier_plugin: envoy.router.cluster_specifier_plugin.lua
[2025-06-30 11:03:18.901][4454624][info][main] [source/server/server.cc:434]   envoy.udp_packet_writer: envoy.udp_packet_writer.default
[2025-06-30 11:03:18.901][4454624][info][main] [source/server/server.cc:434]   envoy.filters.http: envoy.bandwidth_limit, envoy.buffer, envoy.cors, envoy.csrf, envoy.ext_authz, envoy.ext_proc, envoy.fault, envoy.filters.http.adaptive_concurrency, envoy.filters.http.admission_control, envoy.filters.http.alternate_protocols_cache, envoy.filters.http.api_key_auth, envoy.filters.http.aws_lambda, envoy.filters.http.aws_request_signing, envoy.filters.http.bandwidth_limit, envoy.filters.http.basic_auth, envoy.filters.http.buffer, envoy.filters.http.cache, envoy.filters.http.cdn_loop, envoy.filters.http.composite, envoy.filters.http.compressor, envoy.filters.http.connect_grpc_bridge, envoy.filters.http.cors, envoy.filters.http.credential_injector, envoy.filters.http.csrf, envoy.filters.http.custom_response, envoy.filters.http.decompressor, envoy.filters.http.dynamic_forward_proxy, envoy.filters.http.ext_authz, envoy.filters.http.ext_proc, envoy.filters.http.fault, envoy.filters.http.file_system_buffer, envoy.filters.http.gcp_authn, envoy.filters.http.geoip, envoy.filters.http.grpc_field_extraction, envoy.filters.http.grpc_http1_bridge, envoy.filters.http.grpc_http1_reverse_bridge, envoy.filters.http.grpc_json_reverse_transcoder, envoy.filters.http.grpc_json_transcoder, envoy.filters.http.grpc_stats, envoy.filters.http.grpc_web, envoy.filters.http.header_mutation, envoy.filters.http.header_to_metadata, envoy.filters.http.health_check, envoy.filters.http.ip_tagging, envoy.filters.http.json_to_metadata, envoy.filters.http.jwt_authn, envoy.filters.http.local_ratelimit, envoy.filters.http.lua, envoy.filters.http.match_delegate, envoy.filters.http.oauth2, envoy.filters.http.on_demand, envoy.filters.http.original_src, envoy.filters.http.proto_message_extraction, envoy.filters.http.rate_limit_quota, envoy.filters.http.ratelimit, envoy.filters.http.rbac, envoy.filters.http.router, envoy.filters.http.set_filter_state, envoy.filters.http.set_metadata, envoy.filters.http.stateful_session, envoy.filters.http.tap, envoy.filters.http.thrift_to_metadata, envoy.filters.http.wasm, envoy.geoip, envoy.grpc_http1_bridge, envoy.grpc_json_transcoder, envoy.grpc_web, envoy.health_check, envoy.ip_tagging, envoy.local_rate_limit, envoy.lua, envoy.rate_limit, envoy.router
[2025-06-30 11:03:18.901][4454624][info][main] [source/server/server.cc:434]   envoy.string_matcher: envoy.string_matcher.lua
[2025-06-30 11:03:18.901][4454624][info][main] [source/server/server.cc:434]   envoy.dubbo_proxy.filters: envoy.filters.dubbo.router
[2025-06-30 11:03:18.901][4454624][info][main] [source/server/server.cc:434]   envoy.filters.udp.session: envoy.filters.udp.session.dynamic_forward_proxy, envoy.filters.udp.session.http_capsule
[2025-06-30 11:03:18.901][4454624][info][main] [source/server/server.cc:434]   envoy.thrift_proxy.transports: auto, framed, header, unframed
[2025-06-30 11:03:18.901][4454624][info][main] [source/server/server.cc:434]   envoy.dubbo_proxy.serializers: dubbo.hessian2
[2025-06-30 11:03:18.901][4454624][info][main] [source/server/server.cc:434]   envoy.transport_sockets.downstream: envoy.transport_sockets.alts, envoy.transport_sockets.quic, envoy.transport_sockets.raw_buffer, envoy.transport_sockets.starttls, envoy.transport_sockets.tap, envoy.transport_sockets.tcp_stats, envoy.transport_sockets.tls, raw_buffer, starttls, tls
[2025-06-30 11:03:18.901][4454624][info][main] [source/server/server.cc:434]   envoy.http.cache: envoy.extensions.http.cache.file_system_http_cache, envoy.extensions.http.cache.simple
[2025-06-30 11:03:18.901][4454624][info][main] [source/server/server.cc:434]   envoy.common.key_value: envoy.key_value.file_based
[2025-06-30 11:03:18.901][4454624][info][main] [source/server/server.cc:434]   envoy.http.custom_response: envoy.extensions.http.custom_response.local_response_policy, envoy.extensions.http.custom_response.redirect_policy
[2025-06-30 11:03:18.901][4454624][info][main] [source/server/server.cc:434]   envoy.config_mux: envoy.config_mux.delta_grpc_mux_factory, envoy.config_mux.grpc_mux_factory, envoy.config_mux.new_grpc_mux_factory, envoy.config_mux.sotw_grpc_mux_factory
[2025-06-30 11:03:18.901][4454624][info][main] [source/server/server.cc:434]   envoy.geoip_providers: envoy.geoip_providers.maxmind
[2025-06-30 11:03:18.901][4454624][info][main] [source/server/server.cc:434]   envoy.filters.listener: envoy.filters.listener.http_inspector, envoy.filters.listener.local_ratelimit, envoy.filters.listener.original_dst, envoy.filters.listener.original_src, envoy.filters.listener.proxy_protocol, envoy.filters.listener.tls_inspector, envoy.listener.http_inspector, envoy.listener.original_dst, envoy.listener.original_src, envoy.listener.proxy_protocol, envoy.listener.tls_inspector
[2025-06-30 11:03:18.901][4454624][info][main] [source/server/server.cc:434]   envoy.tracers.opentelemetry.resource_detectors: envoy.tracers.opentelemetry.resource_detectors.dynatrace, envoy.tracers.opentelemetry.resource_detectors.environment, envoy.tracers.opentelemetry.resource_detectors.static_config
[2025-06-30 11:03:18.901][4454624][info][main] [source/server/server.cc:434]   envoy.generic_proxy.filters: envoy.filters.generic.router
[2025-06-30 11:03:18.901][4454624][info][main] [source/server/server.cc:434]   envoy.quic.connection_id_generator: envoy.quic.deterministic_connection_id_generator
[2025-06-30 11:03:18.901][4454624][info][main] [source/server/server.cc:434]   envoy.resolvers: envoy.ip
[2025-06-30 11:03:18.901][4454624][info][main] [source/server/server.cc:434]   envoy.resource_monitors: envoy.resource_monitors.cpu_utilization, envoy.resource_monitors.fixed_heap, envoy.resource_monitors.injected_resource
[2025-06-30 11:03:18.901][4454624][info][main] [source/server/server.cc:434]   envoy.quic.proof_source: envoy.quic.proof_source.filter_chain
[2025-06-30 11:03:18.901][4454624][info][main] [source/server/server.cc:434]   envoy.built_in_formatters.http: envoy.built_in_formatters.http.default
[2025-06-30 11:03:18.901][4454624][info][main] [source/server/server.cc:434]   envoy.load_balancing_policies: envoy.load_balancing_policies.client_side_weighted_round_robin, envoy.load_balancing_policies.cluster_provided, envoy.load_balancing_policies.least_request, envoy.load_balancing_policies.maglev, envoy.load_balancing_policies.random, envoy.load_balancing_policies.ring_hash, envoy.load_balancing_policies.round_robin, envoy.load_balancing_policies.subset
[2025-06-30 11:03:18.901][4454624][info][main] [source/server/server.cc:434]   envoy.http.original_ip_detection: envoy.http.original_ip_detection.custom_header, envoy.http.original_ip_detection.xff
[2025-06-30 11:03:18.901][4454624][info][main] [source/server/server.cc:434]   envoy.config.validators: envoy.config.validators.minimum_clusters, envoy.config.validators.minimum_clusters_validator
[2025-06-30 11:03:18.901][4454624][info][main] [source/server/server.cc:434]   envoy.route.early_data_policy: envoy.route.early_data_policy.default
[2025-06-30 11:03:18.901][4454624][info][main] [source/server/server.cc:434]   envoy.http.early_header_mutation: envoy.http.early_header_mutation.header_mutation
[2025-06-30 11:03:18.901][4454624][info][main] [source/server/server.cc:434]   envoy.ssl.server_context_factory: envoy.ssl.server_context_factory.default
[2025-06-30 11:03:18.901][4454624][info][main] [source/server/server.cc:434]   envoy.tracers.opentelemetry.samplers: envoy.tracers.opentelemetry.samplers.always_on, envoy.tracers.opentelemetry.samplers.dynatrace
[2025-06-30 11:03:18.901][4454624][info][main] [source/server/server.cc:434]   envoy.built_in_formatters.stream_info: envoy.built_in_formatters.stream_info.default
[2025-06-30 11:03:18.901][4454624][info][main] [source/server/server.cc:434]   envoy.upstreams: envoy.filters.connection_pools.tcp.generic
[2025-06-30 11:03:18.901][4454624][info][main] [source/server/server.cc:434]   envoy.http.injected_credentials: envoy.http.injected_credentials.generic, envoy.http.injected_credentials.oauth2
[2025-06-30 11:03:18.901][4454624][info][main] [source/server/server.cc:434]   envoy.path.match: envoy.path.match.uri_template.uri_template_matcher
[2025-06-30 11:03:18.901][4454624][info][main] [source/server/server.cc:434]   envoy.upstream.local_address_selector: envoy.upstream.local_address_selector.default_local_address_selector
[2025-06-30 11:03:18.901][4454624][info][main] [source/server/server.cc:434]   envoy.filters.network: envoy.echo, envoy.ext_authz, envoy.filters.network.connection_limit, envoy.filters.network.direct_response, envoy.filters.network.dubbo_proxy, envoy.filters.network.echo, envoy.filters.network.ext_authz, envoy.filters.network.generic_proxy, envoy.filters.network.http_connection_manager, envoy.filters.network.local_ratelimit, envoy.filters.network.mongo_proxy, envoy.filters.network.ratelimit, envoy.filters.network.rbac, envoy.filters.network.redis_proxy, envoy.filters.network.set_filter_state, envoy.filters.network.sni_cluster, envoy.filters.network.sni_dynamic_forward_proxy, envoy.filters.network.tcp_proxy, envoy.filters.network.thrift_proxy, envoy.filters.network.wasm, envoy.filters.network.zookeeper_proxy, envoy.http_connection_manager, envoy.mongo_proxy, envoy.ratelimit, envoy.redis_proxy, envoy.tcp_proxy
[2025-06-30 11:03:18.901][4454624][info][main] [source/server/server.cc:434]   envoy.regex_engines: envoy.regex_engines.google_re2
[2025-06-30 11:03:18.901][4454624][info][main] [source/server/server.cc:434]   filter_state.object: envoy.filters.listener.original_dst.local_ip, envoy.filters.listener.original_dst.remote_ip, envoy.network.application_protocols, envoy.network.transport_socket.original_dst_address, envoy.network.upstream_server_name, envoy.network.upstream_subject_alt_names, envoy.ratelimit.hits_addend, envoy.string, envoy.tcp_proxy.cluster, envoy.tcp_proxy.disable_tunneling, envoy.tcp_proxy.per_connection_idle_timeout_ms, envoy.upstream.dynamic_host, envoy.upstream.dynamic_port
[2025-06-30 11:03:18.901][4454624][info][main] [source/server/server.cc:434]   envoy.tracers: envoy.tracers.datadog, envoy.tracers.opentelemetry, envoy.tracers.skywalking, envoy.tracers.xray, envoy.tracers.zipkin, envoy.zipkin
[2025-06-30 11:03:18.901][4454624][info][main] [source/server/server.cc:434]   envoy.health_checkers: envoy.health_checkers.grpc, envoy.health_checkers.http, envoy.health_checkers.redis, envoy.health_checkers.tcp, envoy.health_checkers.thrift
[2025-06-30 11:03:18.901][4454624][info][main] [source/server/server.cc:434]   envoy.stats_sinks: envoy.dog_statsd, envoy.graphite_statsd, envoy.metrics_service, envoy.open_telemetry_stat_sink, envoy.stat_sinks.dog_statsd, envoy.stat_sinks.graphite_statsd, envoy.stat_sinks.hystrix, envoy.stat_sinks.metrics_service, envoy.stat_sinks.open_telemetry, envoy.stat_sinks.statsd, envoy.stat_sinks.wasm, envoy.statsd
[2025-06-30 11:03:18.901][4454624][info][main] [source/server/server.cc:434]   envoy.request_id: envoy.request_id.uuid
[2025-06-30 11:03:18.901][4454624][info][main] [source/server/server.cc:434]   envoy.thrift_proxy.filters: envoy.filters.thrift.header_to_metadata, envoy.filters.thrift.payload_to_metadata, envoy.filters.thrift.rate_limit, envoy.filters.thrift.router
[2025-06-30 11:03:18.901][4454624][info][main] [source/server/server.cc:434]   envoy.internal_redirect_predicates: envoy.internal_redirect_predicates.allow_listed_routes, envoy.internal_redirect_predicates.previous_routes, envoy.internal_redirect_predicates.safe_cross_scheme
[2025-06-30 11:03:18.901][4454624][info][main] [source/server/server.cc:434]   envoy.matching.network.custom_matchers: envoy.matching.custom_matchers.trie_matcher
[2025-06-30 11:03:18.901][4454624][info][main] [source/server/server.cc:434]   envoy.matching.common_inputs: envoy.matching.common_inputs.environment_variable
[2025-06-30 11:03:18.901][4454624][info][main] [source/server/server.cc:434]   envoy.quic.server.crypto_stream: envoy.quic.crypto_stream.server.quiche
[2025-06-30 11:03:18.901][4454624][info][main] [source/server/server.cc:434]   network.connection.client: default, envoy_internal
[2025-06-30 11:03:18.901][4454624][info][main] [source/server/server.cc:434]   envoy.connection_handler: envoy.connection_handler.default
[2025-06-30 11:03:18.901][4454624][info][main] [source/server/server.cc:434]   quic.http_server_connection: quic.http_server_connection.default
[2025-06-30 11:03:18.901][4454624][info][main] [source/server/server.cc:434]   envoy.bootstrap: envoy.bootstrap.internal_listener, envoy.bootstrap.wasm, envoy.extensions.network.socket_interface.default_socket_interface
[2025-06-30 11:03:18.901][4454624][info][main] [source/server/server.cc:434]   envoy.rds_factory: envoy.rds_factory.default
[2025-06-30 11:03:18.901][4454624][info][main] [source/server/server.cc:434]   envoy.filters.udp_listener: envoy.filters.udp.dns_filter, envoy.filters.udp_listener.udp_proxy
[2025-06-30 11:03:18.901][4454624][info][main] [source/server/server.cc:434]   envoy.matching.http.input: envoy.matching.inputs.cel_data_input, envoy.matching.inputs.destination_ip, envoy.matching.inputs.destination_port, envoy.matching.inputs.direct_source_ip, envoy.matching.inputs.dns_san, envoy.matching.inputs.dynamic_metadata, envoy.matching.inputs.filter_state, envoy.matching.inputs.request_headers, envoy.matching.inputs.request_trailers, envoy.matching.inputs.response_headers, envoy.matching.inputs.response_trailers, envoy.matching.inputs.server_name, envoy.matching.inputs.source_ip, envoy.matching.inputs.source_port, envoy.matching.inputs.source_type, envoy.matching.inputs.status_code_class_input, envoy.matching.inputs.status_code_input, envoy.matching.inputs.subject, envoy.matching.inputs.uri_san, query_params
[2025-06-30 11:03:18.908][4454624][info][main] [source/server/server.cc:494] HTTP header map info:
[2025-06-30 11:03:18.911][4454624][info][main] [source/server/server.cc:497]   request header map: 656 bytes: :authority,:method,:path,:protocol,:scheme,accept,accept-encoding,access-control-request-headers,access-control-request-method,access-control-request-private-network,authentication,authorization,cache-control,cdn-loop,connection,content-encoding,content-length,content-type,expect,grpc-accept-encoding,grpc-timeout,if-match,if-modified-since,if-none-match,if-range,if-unmodified-since,keep-alive,origin,pragma,proxy-connection,proxy-status,referer,te,transfer-encoding,upgrade,user-agent,via,x-client-trace-id,x-envoy-attempt-count,x-envoy-decorator-operation,x-envoy-downstream-service-cluster,x-envoy-downstream-service-node,x-envoy-expected-rq-timeout-ms,x-envoy-external-address,x-envoy-force-trace,x-envoy-hedge-on-per-try-timeout,x-envoy-internal,x-envoy-ip-tags,x-envoy-is-timeout-retry,x-envoy-max-retries,x-envoy-original-path,x-envoy-original-url,x-envoy-retriable-header-names,x-envoy-retriable-status-codes,x-envoy-retry-grpc-on,x-envoy-retry-on,x-envoy-upstream-alt-stat-name,x-envoy-upstream-rq-per-try-timeout-ms,x-envoy-upstream-rq-timeout-alt-response,x-envoy-upstream-rq-timeout-ms,x-envoy-upstream-stream-duration-ms,x-forwarded-client-cert,x-forwarded-for,x-forwarded-host,x-forwarded-port,x-forwarded-proto,x-request-id
[2025-06-30 11:03:18.911][4454624][info][main] [source/server/server.cc:497]   request trailer map: 120 bytes: 
[2025-06-30 11:03:18.911][4454624][info][main] [source/server/server.cc:497]   response header map: 432 bytes: :status,access-control-allow-credentials,access-control-allow-headers,access-control-allow-methods,access-control-allow-origin,access-control-allow-private-network,access-control-expose-headers,access-control-max-age,age,cache-control,connection,content-encoding,content-length,content-type,date,etag,expires,grpc-message,grpc-status,keep-alive,last-modified,location,proxy-connection,proxy-status,server,transfer-encoding,upgrade,vary,via,x-envoy-attempt-count,x-envoy-decorator-operation,x-envoy-degraded,x-envoy-immediate-health-check-fail,x-envoy-ratelimited,x-envoy-upstream-canary,x-envoy-upstream-healthchecked-cluster,x-envoy-upstream-service-time,x-request-id
[2025-06-30 11:03:18.911][4454624][info][main] [source/server/server.cc:497]   response trailer map: 144 bytes: grpc-message,grpc-status
[2025-06-30 11:03:18.924][4454624][info][main] [source/server/server.cc:890] runtime: {}
[2025-06-30 11:03:18.924][4454624][info][main] [source/server/server.cc:728] Starting admin HTTP server at 127.0.0.1:9902
[2025-06-30 11:03:18.925][4454624][info][admin] [source/server/admin/admin.cc:65] admin address: 127.0.0.1:9902
[2025-06-30 11:03:18.925][4454624][info][config] [source/server/configuration_impl.cc:173] loading tracing configuration
[2025-06-30 11:03:18.926][4454624][info][config] [source/server/configuration_impl.cc:124] loading 0 static secret(s)
[2025-06-30 11:03:18.926][4454624][info][config] [source/server/configuration_impl.cc:130] loading 1 cluster(s)
[2025-06-30 11:03:18.932][4454624][info][config] [source/server/configuration_impl.cc:140] loading 1 listener(s)
[2025-06-30 11:03:18.934][4454624][warning][config] [source/common/listener_manager/listener_impl.cc:1121] reuse_port was configured for TCP listener 'listener_0' and is being force disabled because Envoy is not running on Linux. See the documentation for more information.
[2025-06-30 11:03:18.943][4454624][info][config] [source/server/configuration_impl.cc:156] loading stats configuration
[2025-06-30 11:03:18.944][4454624][warning][main] [source/server/server.cc:959] There is no configured limit to the number of allowed active downstream connections. Configure a limit in `envoy.resource_monitors.global_downstream_max_connections` resource monitor.
[2025-06-30 11:03:18.944][4454624][info][main] [source/server/server.cc:1001] starting main dispatch loop
[2025-06-30 11:03:18.945][4454624][info][runtime] [source/common/runtime/runtime_impl.cc:632] RTDS has finished initialization
[2025-06-30 11:03:18.945][4454624][info][upstream] [source/common/upstream/cluster_manager_impl.cc:265] cm init: all clusters initialized
[2025-06-30 11:03:18.945][4454624][info][main] [source/server/server.cc:981] all clusters initialized. initializing init manager
[2025-06-30 11:03:18.945][4454624][info][config] [source/common/listener_manager/listener_manager_impl.cc:944] all dependencies initialized. starting workers
[2025-06-30 11:13:37.972][4454624][warning][main] [source/server/server.cc:933] caught SIGINT
[2025-06-30 11:13:37.975][4454624][info][main] [source/server/server.cc:1069] shutting down server instance
[2025-06-30 11:13:37.975][4454624][info][main] [source/server/server.cc:1009] main dispatch loop exited
[2025-06-30 11:13:37.991][4454624][info][main] [source/server/server.cc:1061] exiting
[2025-06-30 11:14:21.711][4467726][info][main] [source/server/server.cc:430] initializing epoch 0 (base id=0, hot restart version=disabled)
[2025-06-30 11:14:21.712][4467726][info][main] [source/server/server.cc:432] statically linked extensions:
[2025-06-30 11:14:21.712][4467726][info][main] [source/server/server.cc:434]   envoy.matching.action: envoy.matching.actions.format_string, filter-chain-name
[2025-06-30 11:14:21.712][4467726][info][main] [source/server/server.cc:434]   envoy.filters.udp.session: envoy.filters.udp.session.dynamic_forward_proxy, envoy.filters.udp.session.http_capsule
[2025-06-30 11:14:21.712][4467726][info][main] [source/server/server.cc:434]   envoy.health_check.event_sinks: envoy.health_check.event_sink.file
[2025-06-30 11:14:21.712][4467726][info][main] [source/server/server.cc:434]   envoy.http.early_header_mutation: envoy.http.early_header_mutation.header_mutation
[2025-06-30 11:14:21.712][4467726][info][main] [source/server/server.cc:434]   envoy.generic_proxy.filters: envoy.filters.generic.router
[2025-06-30 11:14:21.712][4467726][info][main] [source/server/server.cc:434]   filter_state.object: envoy.filters.listener.original_dst.local_ip, envoy.filters.listener.original_dst.remote_ip, envoy.network.application_protocols, envoy.network.transport_socket.original_dst_address, envoy.network.upstream_server_name, envoy.network.upstream_subject_alt_names, envoy.ratelimit.hits_addend, envoy.string, envoy.tcp_proxy.cluster, envoy.tcp_proxy.disable_tunneling, envoy.tcp_proxy.per_connection_idle_timeout_ms, envoy.upstream.dynamic_host, envoy.upstream.dynamic_port
[2025-06-30 11:14:21.712][4467726][info][main] [source/server/server.cc:434]   envoy.filters.http: envoy.bandwidth_limit, envoy.buffer, envoy.cors, envoy.csrf, envoy.ext_authz, envoy.ext_proc, envoy.fault, envoy.filters.http.adaptive_concurrency, envoy.filters.http.admission_control, envoy.filters.http.alternate_protocols_cache, envoy.filters.http.api_key_auth, envoy.filters.http.aws_lambda, envoy.filters.http.aws_request_signing, envoy.filters.http.bandwidth_limit, envoy.filters.http.basic_auth, envoy.filters.http.buffer, envoy.filters.http.cache, envoy.filters.http.cdn_loop, envoy.filters.http.composite, envoy.filters.http.compressor, envoy.filters.http.connect_grpc_bridge, envoy.filters.http.cors, envoy.filters.http.credential_injector, envoy.filters.http.csrf, envoy.filters.http.custom_response, envoy.filters.http.decompressor, envoy.filters.http.dynamic_forward_proxy, envoy.filters.http.ext_authz, envoy.filters.http.ext_proc, envoy.filters.http.fault, envoy.filters.http.file_system_buffer, envoy.filters.http.gcp_authn, envoy.filters.http.geoip, envoy.filters.http.grpc_field_extraction, envoy.filters.http.grpc_http1_bridge, envoy.filters.http.grpc_http1_reverse_bridge, envoy.filters.http.grpc_json_reverse_transcoder, envoy.filters.http.grpc_json_transcoder, envoy.filters.http.grpc_stats, envoy.filters.http.grpc_web, envoy.filters.http.header_mutation, envoy.filters.http.header_to_metadata, envoy.filters.http.health_check, envoy.filters.http.ip_tagging, envoy.filters.http.json_to_metadata, envoy.filters.http.jwt_authn, envoy.filters.http.local_ratelimit, envoy.filters.http.lua, envoy.filters.http.match_delegate, envoy.filters.http.oauth2, envoy.filters.http.on_demand, envoy.filters.http.original_src, envoy.filters.http.proto_message_extraction, envoy.filters.http.rate_limit_quota, envoy.filters.http.ratelimit, envoy.filters.http.rbac, envoy.filters.http.router, envoy.filters.http.set_filter_state, envoy.filters.http.set_metadata, envoy.filters.http.stateful_session, envoy.filters.http.tap, envoy.filters.http.thrift_to_metadata, envoy.filters.http.wasm, envoy.geoip, envoy.grpc_http1_bridge, envoy.grpc_json_transcoder, envoy.grpc_web, envoy.health_check, envoy.ip_tagging, envoy.local_rate_limit, envoy.lua, envoy.rate_limit, envoy.router
[2025-06-30 11:14:21.712][4467726][info][main] [source/server/server.cc:434]   envoy.resource_monitors: envoy.resource_monitors.cpu_utilization, envoy.resource_monitors.fixed_heap, envoy.resource_monitors.injected_resource
[2025-06-30 11:14:21.712][4467726][info][main] [source/server/server.cc:434]   envoy.tracers: envoy.tracers.datadog, envoy.tracers.opentelemetry, envoy.tracers.skywalking, envoy.tracers.xray, envoy.tracers.zipkin, envoy.zipkin
[2025-06-30 11:14:21.712][4467726][info][main] [source/server/server.cc:434]   envoy.retry_priorities: envoy.retry_priorities.previous_priorities
[2025-06-30 11:14:21.712][4467726][info][main] [source/server/server.cc:434]   envoy.generic_proxy.codecs: envoy.generic_proxy.codecs.dubbo, envoy.generic_proxy.codecs.http1
[2025-06-30 11:14:21.712][4467726][info][main] [source/server/server.cc:434]   envoy.tracers.opentelemetry.resource_detectors: envoy.tracers.opentelemetry.resource_detectors.dynatrace, envoy.tracers.opentelemetry.resource_detectors.environment, envoy.tracers.opentelemetry.resource_detectors.static_config
[2025-06-30 11:14:21.712][4467726][info][main] [source/server/server.cc:434]   envoy.connection_handler: envoy.connection_handler.default
[2025-06-30 11:14:21.712][4467726][info][main] [source/server/server.cc:434]   envoy.dubbo_proxy.filters: envoy.filters.dubbo.router
[2025-06-30 11:14:21.712][4467726][info][main] [source/server/server.cc:434]   envoy.generic_proxy.access_loggers: envoy.generic_proxy.access_loggers.file
[2025-06-30 11:14:21.712][4467726][info][main] [source/server/server.cc:434]   envoy.quic.connection_debug_visitor: envoy.quic.connection_debug_visitor.basic, envoy.quic.connection_debug_visitor.quic_stats
[2025-06-30 11:14:21.712][4467726][info][main] [source/server/server.cc:434]   envoy.resolvers: envoy.ip
[2025-06-30 11:14:21.712][4467726][info][main] [source/server/server.cc:434]   envoy.route.early_data_policy: envoy.route.early_data_policy.default
[2025-06-30 11:14:21.712][4467726][info][main] [source/server/server.cc:434]   envoy.upstreams: envoy.filters.connection_pools.tcp.generic
[2025-06-30 11:14:21.712][4467726][info][main] [source/server/server.cc:434]   envoy.matching.network.input: envoy.matching.inputs.application_protocol, envoy.matching.inputs.destination_ip, envoy.matching.inputs.destination_port, envoy.matching.inputs.direct_source_ip, envoy.matching.inputs.dns_san, envoy.matching.inputs.filter_state, envoy.matching.inputs.server_name, envoy.matching.inputs.source_ip, envoy.matching.inputs.source_port, envoy.matching.inputs.source_type, envoy.matching.inputs.subject, envoy.matching.inputs.transport_protocol, envoy.matching.inputs.uri_san
[2025-06-30 11:14:21.712][4467726][info][main] [source/server/server.cc:434]   envoy.quic.connection_id_generator: envoy.quic.deterministic_connection_id_generator
[2025-06-30 11:14:21.712][4467726][info][main] [source/server/server.cc:434]   envoy.tracers.opentelemetry.samplers: envoy.tracers.opentelemetry.samplers.always_on, envoy.tracers.opentelemetry.samplers.dynatrace
[2025-06-30 11:14:21.712][4467726][info][main] [source/server/server.cc:434]   envoy.path.match: envoy.path.match.uri_template.uri_template_matcher
[2025-06-30 11:14:21.712][4467726][info][main] [source/server/server.cc:434]   envoy.http.stateful_session: envoy.http.stateful_session.cookie, envoy.http.stateful_session.header
[2025-06-30 11:14:21.712][4467726][info][main] [source/server/server.cc:434]   quic.http_server_connection: quic.http_server_connection.default
[2025-06-30 11:14:21.712][4467726][info][main] [source/server/server.cc:434]   envoy.string_matcher: envoy.string_matcher.lua
[2025-06-30 11:14:21.712][4467726][info][main] [source/server/server.cc:434]   envoy.thrift_proxy.filters: envoy.filters.thrift.header_to_metadata, envoy.filters.thrift.payload_to_metadata, envoy.filters.thrift.rate_limit, envoy.filters.thrift.router
[2025-06-30 11:14:21.712][4467726][info][main] [source/server/server.cc:434]   envoy.retry_host_predicates: envoy.retry_host_predicates.omit_canary_hosts, envoy.retry_host_predicates.omit_host_metadata, envoy.retry_host_predicates.previous_hosts
[2025-06-30 11:14:21.712][4467726][info][main] [source/server/server.cc:434]   envoy.common.key_value: envoy.key_value.file_based
[2025-06-30 11:14:21.712][4467726][info][main] [source/server/server.cc:434]   envoy.rds_factory: envoy.rds_factory.default
[2025-06-30 11:14:21.712][4467726][info][main] [source/server/server.cc:434]   envoy.regex_engines: envoy.regex_engines.google_re2
[2025-06-30 11:14:21.712][4467726][info][main] [source/server/server.cc:434]   envoy.wasm.runtime: envoy.wasm.runtime.null
[2025-06-30 11:14:21.712][4467726][info][main] [source/server/server.cc:434]   envoy.http.cache: envoy.extensions.http.cache.file_system_http_cache, envoy.extensions.http.cache.simple
[2025-06-30 11:14:21.712][4467726][info][main] [source/server/server.cc:434]   envoy.bootstrap: envoy.bootstrap.internal_listener, envoy.bootstrap.wasm, envoy.extensions.network.socket_interface.default_socket_interface
[2025-06-30 11:14:21.712][4467726][info][main] [source/server/server.cc:434]   envoy.config.validators: envoy.config.validators.minimum_clusters, envoy.config.validators.minimum_clusters_validator
[2025-06-30 11:14:21.712][4467726][info][main] [source/server/server.cc:434]   envoy.thrift_proxy.protocols: auto, binary, binary/non-strict, compact, twitter
[2025-06-30 11:14:21.712][4467726][info][main] [source/server/server.cc:434]   envoy.matching.http.input: envoy.matching.inputs.cel_data_input, envoy.matching.inputs.destination_ip, envoy.matching.inputs.destination_port, envoy.matching.inputs.direct_source_ip, envoy.matching.inputs.dns_san, envoy.matching.inputs.dynamic_metadata, envoy.matching.inputs.filter_state, envoy.matching.inputs.request_headers, envoy.matching.inputs.request_trailers, envoy.matching.inputs.response_headers, envoy.matching.inputs.response_trailers, envoy.matching.inputs.server_name, envoy.matching.inputs.source_ip, envoy.matching.inputs.source_port, envoy.matching.inputs.source_type, envoy.matching.inputs.status_code_class_input, envoy.matching.inputs.status_code_input, envoy.matching.inputs.subject, envoy.matching.inputs.uri_san, query_params
[2025-06-30 11:14:21.712][4467726][info][main] [source/server/server.cc:434]   envoy.matching.network.custom_matchers: envoy.matching.custom_matchers.trie_matcher
[2025-06-30 11:14:21.712][4467726][info][main] [source/server/server.cc:434]   envoy.access_loggers: envoy.access_loggers.file, envoy.access_loggers.fluentd, envoy.access_loggers.http_grpc, envoy.access_loggers.open_telemetry, envoy.access_loggers.stderr, envoy.access_loggers.stdout, envoy.access_loggers.tcp_grpc, envoy.access_loggers.wasm, envoy.file_access_log, envoy.fluentd_access_log, envoy.http_grpc_access_log, envoy.open_telemetry_access_log, envoy.stderr_access_log, envoy.stdout_access_log, envoy.tcp_grpc_access_log, envoy.wasm_access_log
[2025-06-30 11:14:21.712][4467726][info][main] [source/server/server.cc:434]   envoy.matching.common_inputs: envoy.matching.common_inputs.environment_variable
[2025-06-30 11:14:21.712][4467726][info][main] [source/server/server.cc:434]   envoy.access_loggers.extension_filters: envoy.access_loggers.extension_filters.cel
[2025-06-30 11:14:21.712][4467726][info][main] [source/server/server.cc:434]   envoy.request_id: envoy.request_id.uuid
[2025-06-30 11:14:21.712][4467726][info][main] [source/server/server.cc:434]   envoy.geoip_providers: envoy.geoip_providers.maxmind
[2025-06-30 11:14:21.712][4467726][info][main] [source/server/server.cc:434]   envoy.thrift_proxy.transports: auto, framed, header, unframed
[2025-06-30 11:14:21.712][4467726][info][main] [source/server/server.cc:434]   envoy.rate_limit_descriptors: envoy.rate_limit_descriptors.expr
[2025-06-30 11:14:21.712][4467726][info][main] [source/server/server.cc:434]   envoy.health_checkers: envoy.health_checkers.grpc, envoy.health_checkers.http, envoy.health_checkers.redis, envoy.health_checkers.tcp, envoy.health_checkers.thrift
[2025-06-30 11:14:21.712][4467726][info][main] [source/server/server.cc:434]   envoy.filters.listener: envoy.filters.listener.http_inspector, envoy.filters.listener.local_ratelimit, envoy.filters.listener.original_dst, envoy.filters.listener.original_src, envoy.filters.listener.proxy_protocol, envoy.filters.listener.tls_inspector, envoy.listener.http_inspector, envoy.listener.original_dst, envoy.listener.original_src, envoy.listener.proxy_protocol, envoy.listener.tls_inspector
[2025-06-30 11:14:21.712][4467726][info][main] [source/server/server.cc:434]   envoy.dubbo_proxy.serializers: dubbo.hessian2
[2025-06-30 11:14:21.712][4467726][info][main] [source/server/server.cc:434]   envoy.transport_sockets.downstream: envoy.transport_sockets.alts, envoy.transport_sockets.quic, envoy.transport_sockets.raw_buffer, envoy.transport_sockets.starttls, envoy.transport_sockets.tap, envoy.transport_sockets.tcp_stats, envoy.transport_sockets.tls, raw_buffer, starttls, tls
[2025-06-30 11:14:21.712][4467726][info][main] [source/server/server.cc:434]   envoy.tls.cert_validator: envoy.tls.cert_validator.default, envoy.tls.cert_validator.spiffe
[2025-06-30 11:14:21.712][4467726][info][main] [source/server/server.cc:434]   envoy.router.cluster_specifier_plugin: envoy.router.cluster_specifier_plugin.lua
[2025-06-30 11:14:21.712][4467726][info][main] [source/server/server.cc:434]   envoy.formatter: envoy.formatter.cel, envoy.formatter.metadata, envoy.formatter.req_without_query
[2025-06-30 11:14:21.712][4467726][info][main] [source/server/server.cc:434]   envoy.http.stateful_header_formatters: envoy.http.stateful_header_formatters.preserve_case, preserve_case
[2025-06-30 11:14:21.712][4467726][info][main] [source/server/server.cc:434]   envoy.compression.decompressor: envoy.compression.brotli.decompressor, envoy.compression.gzip.decompressor, envoy.compression.zstd.decompressor
[2025-06-30 11:14:21.712][4467726][info][main] [source/server/server.cc:434]   envoy.http.injected_credentials: envoy.http.injected_credentials.generic, envoy.http.injected_credentials.oauth2
[2025-06-30 11:14:21.712][4467726][info][main] [source/server/server.cc:434]   envoy.dubbo_proxy.protocols: dubbo
[2025-06-30 11:14:21.712][4467726][info][main] [source/server/server.cc:434]   envoy.quic.server_preferred_address: quic.server_preferred_address.datasource, quic.server_preferred_address.fixed
[2025-06-30 11:14:21.712][4467726][info][main] [source/server/server.cc:434]   envoy.clusters: envoy.cluster.dns, envoy.cluster.eds, envoy.cluster.logical_dns, envoy.cluster.original_dst, envoy.cluster.static, envoy.cluster.strict_dns, envoy.clusters.aggregate, envoy.clusters.dynamic_forward_proxy, envoy.clusters.redis
[2025-06-30 11:14:21.712][4467726][info][main] [source/server/server.cc:434]   envoy.guarddog_actions: envoy.watchdog.abort_action, envoy.watchdog.profile_action
[2025-06-30 11:14:21.712][4467726][info][main] [source/server/server.cc:434]   envoy.listener_manager_impl: envoy.listener_manager_impl.default, envoy.listener_manager_impl.validation
[2025-06-30 11:14:21.712][4467726][info][main] [source/server/server.cc:434]   envoy.http.header_validators: envoy.http.header_validators.envoy_default
[2025-06-30 11:14:21.712][4467726][info][main] [source/server/server.cc:434]   envoy.udp_packet_writer: envoy.udp_packet_writer.default
[2025-06-30 11:14:21.712][4467726][info][main] [source/server/server.cc:434]   envoy.srds_factory: envoy.srds_factory.default
[2025-06-30 11:14:21.712][4467726][info][main] [source/server/server.cc:434]   envoy.http.custom_response: envoy.extensions.http.custom_response.local_response_policy, envoy.extensions.http.custom_response.redirect_policy
[2025-06-30 11:14:21.712][4467726][info][main] [source/server/server.cc:434]   envoy.filters.udp_listener: envoy.filters.udp.dns_filter, envoy.filters.udp_listener.udp_proxy
[2025-06-30 11:14:21.712][4467726][info][main] [source/server/server.cc:434]   envoy.matching.http.custom_matchers: envoy.matching.custom_matchers.trie_matcher
[2025-06-30 11:14:21.712][4467726][info][main] [source/server/server.cc:434]   envoy.rbac.matchers: envoy.rbac.matchers.upstream_ip_port
[2025-06-30 11:14:21.712][4467726][info][main] [source/server/server.cc:434]   envoy.http.original_ip_detection: envoy.http.original_ip_detection.custom_header, envoy.http.original_ip_detection.xff
[2025-06-30 11:14:21.712][4467726][info][main] [source/server/server.cc:434]   envoy.matching.input_matchers: envoy.matching.input_matchers.generic_request_matcher, envoy.matching.matchers.cel_matcher, envoy.matching.matchers.consistent_hashing, envoy.matching.matchers.ip, envoy.matching.matchers.metadata_matcher, envoy.matching.matchers.runtime_fraction
[2025-06-30 11:14:21.712][4467726][info][main] [source/server/server.cc:434]   envoy.built_in_formatters.generic_proxy: envoy.built_in_formatters.generic_poxy.default
[2025-06-30 11:14:21.712][4467726][info][main] [source/server/server.cc:434]   envoy.filters.http.upstream: envoy.buffer, envoy.ext_proc, envoy.filters.http.admission_control, envoy.filters.http.aws_lambda, envoy.filters.http.aws_request_signing, envoy.filters.http.buffer, envoy.filters.http.composite, envoy.filters.http.ext_proc, envoy.filters.http.header_mutation, envoy.filters.http.match_delegate, envoy.filters.http.upstream_codec, envoy.filters.http.wasm
[2025-06-30 11:14:21.712][4467726][info][main] [source/server/server.cc:434]   envoy.quic.server.crypto_stream: envoy.quic.crypto_stream.server.quiche
[2025-06-30 11:14:21.712][4467726][info][main] [source/server/server.cc:434]   envoy.matching.generic_proxy_request_input.input: envoy.matching.generic_proxy.input.host, envoy.matching.generic_proxy.input.method, envoy.matching.generic_proxy.input.path, envoy.matching.generic_proxy.input.property, envoy.matching.generic_proxy.input.request, envoy.matching.generic_proxy.input.service
[2025-06-30 11:14:21.712][4467726][info][main] [source/server/server.cc:434]   envoy.stats_sinks: envoy.dog_statsd, envoy.graphite_statsd, envoy.metrics_service, envoy.open_telemetry_stat_sink, envoy.stat_sinks.dog_statsd, envoy.stat_sinks.graphite_statsd, envoy.stat_sinks.hystrix, envoy.stat_sinks.metrics_service, envoy.stat_sinks.open_telemetry, envoy.stat_sinks.statsd, envoy.stat_sinks.wasm, envoy.statsd
[2025-06-30 11:14:21.712][4467726][info][main] [source/server/server.cc:434]   envoy.config_mux: envoy.config_mux.delta_grpc_mux_factory, envoy.config_mux.grpc_mux_factory, envoy.config_mux.new_grpc_mux_factory, envoy.config_mux.sotw_grpc_mux_factory
[2025-06-30 11:14:21.712][4467726][info][main] [source/server/server.cc:434]   envoy.quic.proof_source: envoy.quic.proof_source.filter_chain
[2025-06-30 11:14:21.712][4467726][info][main] [source/server/server.cc:434]   envoy.built_in_formatters.http: envoy.built_in_formatters.http.default
[2025-06-30 11:14:21.712][4467726][info][main] [source/server/server.cc:434]   envoy.load_balancing_policies: envoy.load_balancing_policies.client_side_weighted_round_robin, envoy.load_balancing_policies.cluster_provided, envoy.load_balancing_policies.least_request, envoy.load_balancing_policies.maglev, envoy.load_balancing_policies.random, envoy.load_balancing_policies.ring_hash, envoy.load_balancing_policies.round_robin, envoy.load_balancing_policies.subset
[2025-06-30 11:14:21.712][4467726][info][main] [source/server/server.cc:434]   envoy.built_in_formatters.stream_info: envoy.built_in_formatters.stream_info.default
[2025-06-30 11:14:21.712][4467726][info][main] [source/server/server.cc:434]   envoy.transport_sockets.upstream: envoy.transport_sockets.alts, envoy.transport_sockets.http_11_proxy, envoy.transport_sockets.internal_upstream, envoy.transport_sockets.quic, envoy.transport_sockets.raw_buffer, envoy.transport_sockets.starttls, envoy.transport_sockets.tap, envoy.transport_sockets.tcp_stats, envoy.transport_sockets.tls, envoy.transport_sockets.upstream_proxy_protocol, raw_buffer, starttls, tls
[2025-06-30 11:14:21.712][4467726][info][main] [source/server/server.cc:434]   envoy.compression.compressor: envoy.compression.brotli.compressor, envoy.compression.gzip.compressor, envoy.compression.zstd.compressor
[2025-06-30 11:14:21.712][4467726][info][main] [source/server/server.cc:434]   envoy.config_subscription: envoy.config_subscription.ads, envoy.config_subscription.ads_collection, envoy.config_subscription.aggregated_grpc_collection, envoy.config_subscription.delta_grpc, envoy.config_subscription.delta_grpc_collection, envoy.config_subscription.filesystem, envoy.config_subscription.filesystem_collection, envoy.config_subscription.grpc, envoy.config_subscription.rest
[2025-06-30 11:14:21.712][4467726][info][main] [source/server/server.cc:434]   envoy.route_config_update_requester: envoy.route_config_update_requester.default
[2025-06-30 11:14:21.712][4467726][info][main] [source/server/server.cc:434]   envoy.filters.network: envoy.echo, envoy.ext_authz, envoy.filters.network.connection_limit, envoy.filters.network.direct_response, envoy.filters.network.dubbo_proxy, envoy.filters.network.echo, envoy.filters.network.ext_authz, envoy.filters.network.generic_proxy, envoy.filters.network.http_connection_manager, envoy.filters.network.local_ratelimit, envoy.filters.network.mongo_proxy, envoy.filters.network.ratelimit, envoy.filters.network.rbac, envoy.filters.network.redis_proxy, envoy.filters.network.set_filter_state, envoy.filters.network.sni_cluster, envoy.filters.network.sni_dynamic_forward_proxy, envoy.filters.network.tcp_proxy, envoy.filters.network.thrift_proxy, envoy.filters.network.wasm, envoy.filters.network.zookeeper_proxy, envoy.http_connection_manager, envoy.mongo_proxy, envoy.ratelimit, envoy.redis_proxy, envoy.tcp_proxy
[2025-06-30 11:14:21.712][4467726][info][main] [source/server/server.cc:434]   envoy.upstream_options: envoy.extensions.upstreams.http.v3.HttpProtocolOptions, envoy.extensions.upstreams.tcp.v3.TcpProtocolOptions, envoy.upstreams.http.http_protocol_options, envoy.upstreams.tcp.tcp_protocol_options
[2025-06-30 11:14:21.712][4467726][info][main] [source/server/server.cc:434]   envoy.grpc_credentials: envoy.grpc_credentials.aws_iam, envoy.grpc_credentials.default, envoy.grpc_credentials.file_based_metadata
[2025-06-30 11:14:21.712][4467726][info][main] [source/server/server.cc:434]   envoy.path.rewrite: envoy.path.rewrite.uri_template.uri_template_rewriter
[2025-06-30 11:14:21.712][4467726][info][main] [source/server/server.cc:434]   envoy.ssl.server_context_factory: envoy.ssl.server_context_factory.default
[2025-06-30 11:14:21.712][4467726][info][main] [source/server/server.cc:434]   envoy.internal_redirect_predicates: envoy.internal_redirect_predicates.allow_listed_routes, envoy.internal_redirect_predicates.previous_routes, envoy.internal_redirect_predicates.safe_cross_scheme
[2025-06-30 11:14:21.712][4467726][info][main] [source/server/server.cc:434]   envoy.network.dns_resolver: envoy.network.dns_resolver.apple, envoy.network.dns_resolver.cares, envoy.network.dns_resolver.getaddrinfo
[2025-06-30 11:14:21.712][4467726][info][main] [source/server/server.cc:434]   network.connection.client: default, envoy_internal
[2025-06-30 11:14:21.712][4467726][info][main] [source/server/server.cc:434]   envoy.upstream.local_address_selector: envoy.upstream.local_address_selector.default_local_address_selector
[2025-06-30 11:14:21.714][4467726][info][main] [source/server/server.cc:494] HTTP header map info:
[2025-06-30 11:14:21.715][4467726][info][main] [source/server/server.cc:497]   request header map: 656 bytes: :authority,:method,:path,:protocol,:scheme,accept,accept-encoding,access-control-request-headers,access-control-request-method,access-control-request-private-network,authentication,authorization,cache-control,cdn-loop,connection,content-encoding,content-length,content-type,expect,grpc-accept-encoding,grpc-timeout,if-match,if-modified-since,if-none-match,if-range,if-unmodified-since,keep-alive,origin,pragma,proxy-connection,proxy-status,referer,te,transfer-encoding,upgrade,user-agent,via,x-client-trace-id,x-envoy-attempt-count,x-envoy-decorator-operation,x-envoy-downstream-service-cluster,x-envoy-downstream-service-node,x-envoy-expected-rq-timeout-ms,x-envoy-external-address,x-envoy-force-trace,x-envoy-hedge-on-per-try-timeout,x-envoy-internal,x-envoy-ip-tags,x-envoy-is-timeout-retry,x-envoy-max-retries,x-envoy-original-path,x-envoy-original-url,x-envoy-retriable-header-names,x-envoy-retriable-status-codes,x-envoy-retry-grpc-on,x-envoy-retry-on,x-envoy-upstream-alt-stat-name,x-envoy-upstream-rq-per-try-timeout-ms,x-envoy-upstream-rq-timeout-alt-response,x-envoy-upstream-rq-timeout-ms,x-envoy-upstream-stream-duration-ms,x-forwarded-client-cert,x-forwarded-for,x-forwarded-host,x-forwarded-port,x-forwarded-proto,x-request-id
[2025-06-30 11:14:21.715][4467726][info][main] [source/server/server.cc:497]   request trailer map: 120 bytes: 
[2025-06-30 11:14:21.715][4467726][info][main] [source/server/server.cc:497]   response header map: 432 bytes: :status,access-control-allow-credentials,access-control-allow-headers,access-control-allow-methods,access-control-allow-origin,access-control-allow-private-network,access-control-expose-headers,access-control-max-age,age,cache-control,connection,content-encoding,content-length,content-type,date,etag,expires,grpc-message,grpc-status,keep-alive,last-modified,location,proxy-connection,proxy-status,server,transfer-encoding,upgrade,vary,via,x-envoy-attempt-count,x-envoy-decorator-operation,x-envoy-degraded,x-envoy-immediate-health-check-fail,x-envoy-ratelimited,x-envoy-upstream-canary,x-envoy-upstream-healthchecked-cluster,x-envoy-upstream-service-time,x-request-id
[2025-06-30 11:14:21.715][4467726][info][main] [source/server/server.cc:497]   response trailer map: 144 bytes: grpc-message,grpc-status
[2025-06-30 11:14:21.718][4467726][info][main] [source/server/server.cc:890] runtime: {}
[2025-06-30 11:14:21.718][4467726][info][main] [source/server/server.cc:728] Starting admin HTTP server at 127.0.0.1:9902
[2025-06-30 11:14:21.718][4467726][info][admin] [source/server/admin/admin.cc:65] admin address: 127.0.0.1:9902
[2025-06-30 11:14:21.718][4467726][info][config] [source/server/configuration_impl.cc:173] loading tracing configuration
[2025-06-30 11:14:21.718][4467726][info][config] [source/server/configuration_impl.cc:124] loading 0 static secret(s)
[2025-06-30 11:14:21.718][4467726][info][config] [source/server/configuration_impl.cc:130] loading 1 cluster(s)
[2025-06-30 11:14:21.719][4467726][info][config] [source/server/configuration_impl.cc:140] loading 1 listener(s)
[2025-06-30 11:14:21.719][4467726][warning][config] [source/common/listener_manager/listener_impl.cc:1121] reuse_port was configured for TCP listener 'listener_0' and is being force disabled because Envoy is not running on Linux. See the documentation for more information.
[2025-06-30 11:14:21.720][4467726][info][config] [source/server/configuration_impl.cc:156] loading stats configuration
[2025-06-30 11:14:21.720][4467726][warning][main] [source/server/server.cc:959] There is no configured limit to the number of allowed active downstream connections. Configure a limit in `envoy.resource_monitors.global_downstream_max_connections` resource monitor.
[2025-06-30 11:14:21.720][4467726][info][main] [source/server/server.cc:1001] starting main dispatch loop
[2025-06-30 11:14:21.720][4467726][info][runtime] [source/common/runtime/runtime_impl.cc:632] RTDS has finished initialization
[2025-06-30 11:14:21.720][4467726][info][upstream] [source/common/upstream/cluster_manager_impl.cc:265] cm init: all clusters initialized
[2025-06-30 11:14:21.720][4467726][info][main] [source/server/server.cc:981] all clusters initialized. initializing init manager
[2025-06-30 11:14:21.720][4467726][info][config] [source/common/listener_manager/listener_manager_impl.cc:944] all dependencies initialized. starting workers
[2025-06-30 11:29:21.722][4467726][info][main] [source/server/drain_manager_impl.cc:94] shutting down parent after drain
[2025-06-30 15:20:16.343][4467726][warning][main] [source/server/server.cc:933] caught SIGINT
[2025-06-30 15:20:16.345][4467726][info][main] [source/server/server.cc:1069] shutting down server instance
[2025-06-30 15:20:16.346][4467726][info][main] [source/server/server.cc:1009] main dispatch loop exited
[2025-06-30 15:20:16.366][4467726][info][main] [source/server/server.cc:1061] exiting
[2025-06-30 15:20:18.457][4731822][info][main] [source/server/server.cc:430] initializing epoch 0 (base id=0, hot restart version=disabled)
[2025-06-30 15:20:18.458][4731822][info][main] [source/server/server.cc:432] statically linked extensions:
[2025-06-30 15:20:18.458][4731822][info][main] [source/server/server.cc:434]   envoy.wasm.runtime: envoy.wasm.runtime.null
[2025-06-30 15:20:18.458][4731822][info][main] [source/server/server.cc:434]   envoy.filters.network: envoy.echo, envoy.ext_authz, envoy.filters.network.connection_limit, envoy.filters.network.direct_response, envoy.filters.network.dubbo_proxy, envoy.filters.network.echo, envoy.filters.network.ext_authz, envoy.filters.network.generic_proxy, envoy.filters.network.http_connection_manager, envoy.filters.network.local_ratelimit, envoy.filters.network.mongo_proxy, envoy.filters.network.ratelimit, envoy.filters.network.rbac, envoy.filters.network.redis_proxy, envoy.filters.network.set_filter_state, envoy.filters.network.sni_cluster, envoy.filters.network.sni_dynamic_forward_proxy, envoy.filters.network.tcp_proxy, envoy.filters.network.thrift_proxy, envoy.filters.network.wasm, envoy.filters.network.zookeeper_proxy, envoy.http_connection_manager, envoy.mongo_proxy, envoy.ratelimit, envoy.redis_proxy, envoy.tcp_proxy
[2025-06-30 15:20:18.458][4731822][info][main] [source/server/server.cc:434]   envoy.rate_limit_descriptors: envoy.rate_limit_descriptors.expr
[2025-06-30 15:20:18.458][4731822][info][main] [source/server/server.cc:434]   envoy.matching.common_inputs: envoy.matching.common_inputs.environment_variable
[2025-06-30 15:20:18.458][4731822][info][main] [source/server/server.cc:434]   envoy.listener_manager_impl: envoy.listener_manager_impl.default, envoy.listener_manager_impl.validation
[2025-06-30 15:20:18.458][4731822][info][main] [source/server/server.cc:434]   envoy.access_loggers.extension_filters: envoy.access_loggers.extension_filters.cel
[2025-06-30 15:20:18.458][4731822][info][main] [source/server/server.cc:434]   envoy.built_in_formatters.stream_info: envoy.built_in_formatters.stream_info.default
[2025-06-30 15:20:18.458][4731822][info][main] [source/server/server.cc:434]   envoy.transport_sockets.upstream: envoy.transport_sockets.alts, envoy.transport_sockets.http_11_proxy, envoy.transport_sockets.internal_upstream, envoy.transport_sockets.quic, envoy.transport_sockets.raw_buffer, envoy.transport_sockets.starttls, envoy.transport_sockets.tap, envoy.transport_sockets.tcp_stats, envoy.transport_sockets.tls, envoy.transport_sockets.upstream_proxy_protocol, raw_buffer, starttls, tls
[2025-06-30 15:20:18.458][4731822][info][main] [source/server/server.cc:434]   envoy.matching.http.custom_matchers: envoy.matching.custom_matchers.trie_matcher
[2025-06-30 15:20:18.458][4731822][info][main] [source/server/server.cc:434]   envoy.config_mux: envoy.config_mux.delta_grpc_mux_factory, envoy.config_mux.grpc_mux_factory, envoy.config_mux.new_grpc_mux_factory, envoy.config_mux.sotw_grpc_mux_factory
[2025-06-30 15:20:18.458][4731822][info][main] [source/server/server.cc:434]   envoy.generic_proxy.access_loggers: envoy.generic_proxy.access_loggers.file
[2025-06-30 15:20:18.458][4731822][info][main] [source/server/server.cc:434]   envoy.generic_proxy.codecs: envoy.generic_proxy.codecs.dubbo, envoy.generic_proxy.codecs.http1
[2025-06-30 15:20:18.458][4731822][info][main] [source/server/server.cc:434]   envoy.common.key_value: envoy.key_value.file_based
[2025-06-30 15:20:18.458][4731822][info][main] [source/server/server.cc:434]   envoy.http.custom_response: envoy.extensions.http.custom_response.local_response_policy, envoy.extensions.http.custom_response.redirect_policy
[2025-06-30 15:20:18.458][4731822][info][main] [source/server/server.cc:434]   envoy.thrift_proxy.filters: envoy.filters.thrift.header_to_metadata, envoy.filters.thrift.payload_to_metadata, envoy.filters.thrift.rate_limit, envoy.filters.thrift.router
[2025-06-30 15:20:18.458][4731822][info][main] [source/server/server.cc:434]   envoy.matching.http.input: envoy.matching.inputs.cel_data_input, envoy.matching.inputs.destination_ip, envoy.matching.inputs.destination_port, envoy.matching.inputs.direct_source_ip, envoy.matching.inputs.dns_san, envoy.matching.inputs.dynamic_metadata, envoy.matching.inputs.filter_state, envoy.matching.inputs.request_headers, envoy.matching.inputs.request_trailers, envoy.matching.inputs.response_headers, envoy.matching.inputs.response_trailers, envoy.matching.inputs.server_name, envoy.matching.inputs.source_ip, envoy.matching.inputs.source_port, envoy.matching.inputs.source_type, envoy.matching.inputs.status_code_class_input, envoy.matching.inputs.status_code_input, envoy.matching.inputs.subject, envoy.matching.inputs.uri_san, query_params
[2025-06-30 15:20:18.458][4731822][info][main] [source/server/server.cc:434]   envoy.stats_sinks: envoy.dog_statsd, envoy.graphite_statsd, envoy.metrics_service, envoy.open_telemetry_stat_sink, envoy.stat_sinks.dog_statsd, envoy.stat_sinks.graphite_statsd, envoy.stat_sinks.hystrix, envoy.stat_sinks.metrics_service, envoy.stat_sinks.open_telemetry, envoy.stat_sinks.statsd, envoy.stat_sinks.wasm, envoy.statsd
[2025-06-30 15:20:18.458][4731822][info][main] [source/server/server.cc:434]   envoy.router.cluster_specifier_plugin: envoy.router.cluster_specifier_plugin.lua
[2025-06-30 15:20:18.458][4731822][info][main] [source/server/server.cc:434]   network.connection.client: default, envoy_internal
[2025-06-30 15:20:18.458][4731822][info][main] [source/server/server.cc:434]   envoy.network.dns_resolver: envoy.network.dns_resolver.apple, envoy.network.dns_resolver.cares, envoy.network.dns_resolver.getaddrinfo
[2025-06-30 15:20:18.458][4731822][info][main] [source/server/server.cc:434]   envoy.matching.network.custom_matchers: envoy.matching.custom_matchers.trie_matcher
[2025-06-30 15:20:18.458][4731822][info][main] [source/server/server.cc:434]   envoy.route_config_update_requester: envoy.route_config_update_requester.default
[2025-06-30 15:20:18.458][4731822][info][main] [source/server/server.cc:434]   envoy.srds_factory: envoy.srds_factory.default
[2025-06-30 15:20:18.458][4731822][info][main] [source/server/server.cc:434]   envoy.ssl.server_context_factory: envoy.ssl.server_context_factory.default
[2025-06-30 15:20:18.458][4731822][info][main] [source/server/server.cc:434]   envoy.retry_host_predicates: envoy.retry_host_predicates.omit_canary_hosts, envoy.retry_host_predicates.omit_host_metadata, envoy.retry_host_predicates.previous_hosts
[2025-06-30 15:20:18.458][4731822][info][main] [source/server/server.cc:434]   envoy.quic.connection_debug_visitor: envoy.quic.connection_debug_visitor.basic, envoy.quic.connection_debug_visitor.quic_stats
[2025-06-30 15:20:18.458][4731822][info][main] [source/server/server.cc:434]   envoy.filters.udp_listener: envoy.filters.udp.dns_filter, envoy.filters.udp_listener.udp_proxy
[2025-06-30 15:20:18.458][4731822][info][main] [source/server/server.cc:434]   envoy.transport_sockets.downstream: envoy.transport_sockets.alts, envoy.transport_sockets.quic, envoy.transport_sockets.raw_buffer, envoy.transport_sockets.starttls, envoy.transport_sockets.tap, envoy.transport_sockets.tcp_stats, envoy.transport_sockets.tls, raw_buffer, starttls, tls
[2025-06-30 15:20:18.458][4731822][info][main] [source/server/server.cc:434]   envoy.built_in_formatters.http: envoy.built_in_formatters.http.default
[2025-06-30 15:20:18.458][4731822][info][main] [source/server/server.cc:434]   envoy.filters.http.upstream: envoy.buffer, envoy.ext_proc, envoy.filters.http.admission_control, envoy.filters.http.aws_lambda, envoy.filters.http.aws_request_signing, envoy.filters.http.buffer, envoy.filters.http.composite, envoy.filters.http.ext_proc, envoy.filters.http.header_mutation, envoy.filters.http.match_delegate, envoy.filters.http.upstream_codec, envoy.filters.http.wasm
[2025-06-30 15:20:18.458][4731822][info][main] [source/server/server.cc:434]   envoy.guarddog_actions: envoy.watchdog.abort_action, envoy.watchdog.profile_action
[2025-06-30 15:20:18.458][4731822][info][main] [source/server/server.cc:434]   envoy.health_checkers: envoy.health_checkers.grpc, envoy.health_checkers.http, envoy.health_checkers.redis, envoy.health_checkers.tcp, envoy.health_checkers.thrift
[2025-06-30 15:20:18.458][4731822][info][main] [source/server/server.cc:434]   envoy.quic.proof_source: envoy.quic.proof_source.filter_chain
[2025-06-30 15:20:18.458][4731822][info][main] [source/server/server.cc:434]   envoy.quic.server_preferred_address: quic.server_preferred_address.datasource, quic.server_preferred_address.fixed
[2025-06-30 15:20:18.458][4731822][info][main] [source/server/server.cc:434]   envoy.http.early_header_mutation: envoy.http.early_header_mutation.header_mutation
[2025-06-30 15:20:18.458][4731822][info][main] [source/server/server.cc:434]   envoy.connection_handler: envoy.connection_handler.default
[2025-06-30 15:20:18.458][4731822][info][main] [source/server/server.cc:434]   envoy.dubbo_proxy.protocols: dubbo
[2025-06-30 15:20:18.458][4731822][info][main] [source/server/server.cc:434]   envoy.resource_monitors: envoy.resource_monitors.cpu_utilization, envoy.resource_monitors.fixed_heap, envoy.resource_monitors.injected_resource
[2025-06-30 15:20:18.458][4731822][info][main] [source/server/server.cc:434]   envoy.built_in_formatters.generic_proxy: envoy.built_in_formatters.generic_poxy.default
[2025-06-30 15:20:18.458][4731822][info][main] [source/server/server.cc:434]   envoy.http.stateful_session: envoy.http.stateful_session.cookie, envoy.http.stateful_session.header
[2025-06-30 15:20:18.458][4731822][info][main] [source/server/server.cc:434]   envoy.health_check.event_sinks: envoy.health_check.event_sink.file
[2025-06-30 15:20:18.458][4731822][info][main] [source/server/server.cc:434]   envoy.clusters: envoy.cluster.dns, envoy.cluster.eds, envoy.cluster.logical_dns, envoy.cluster.original_dst, envoy.cluster.static, envoy.cluster.strict_dns, envoy.clusters.aggregate, envoy.clusters.dynamic_forward_proxy, envoy.clusters.redis
[2025-06-30 15:20:18.458][4731822][info][main] [source/server/server.cc:434]   envoy.grpc_credentials: envoy.grpc_credentials.aws_iam, envoy.grpc_credentials.default, envoy.grpc_credentials.file_based_metadata
[2025-06-30 15:20:18.458][4731822][info][main] [source/server/server.cc:434]   envoy.http.injected_credentials: envoy.http.injected_credentials.generic, envoy.http.injected_credentials.oauth2
[2025-06-30 15:20:18.458][4731822][info][main] [source/server/server.cc:434]   filter_state.object: envoy.filters.listener.original_dst.local_ip, envoy.filters.listener.original_dst.remote_ip, envoy.network.application_protocols, envoy.network.transport_socket.original_dst_address, envoy.network.upstream_server_name, envoy.network.upstream_subject_alt_names, envoy.ratelimit.hits_addend, envoy.string, envoy.tcp_proxy.cluster, envoy.tcp_proxy.disable_tunneling, envoy.tcp_proxy.per_connection_idle_timeout_ms, envoy.upstream.dynamic_host, envoy.upstream.dynamic_port
[2025-06-30 15:20:18.458][4731822][info][main] [source/server/server.cc:434]   envoy.matching.action: envoy.matching.actions.format_string, filter-chain-name
[2025-06-30 15:20:18.458][4731822][info][main] [source/server/server.cc:434]   envoy.matching.network.input: envoy.matching.inputs.application_protocol, envoy.matching.inputs.destination_ip, envoy.matching.inputs.destination_port, envoy.matching.inputs.direct_source_ip, envoy.matching.inputs.dns_san, envoy.matching.inputs.filter_state, envoy.matching.inputs.server_name, envoy.matching.inputs.source_ip, envoy.matching.inputs.source_port, envoy.matching.inputs.source_type, envoy.matching.inputs.subject, envoy.matching.inputs.transport_protocol, envoy.matching.inputs.uri_san
[2025-06-30 15:20:18.458][4731822][info][main] [source/server/server.cc:434]   envoy.thrift_proxy.protocols: auto, binary, binary/non-strict, compact, twitter
[2025-06-30 15:20:18.458][4731822][info][main] [source/server/server.cc:434]   envoy.rbac.matchers: envoy.rbac.matchers.upstream_ip_port
[2025-06-30 15:20:18.458][4731822][info][main] [source/server/server.cc:434]   envoy.matching.input_matchers: envoy.matching.input_matchers.generic_request_matcher, envoy.matching.matchers.cel_matcher, envoy.matching.matchers.consistent_hashing, envoy.matching.matchers.ip, envoy.matching.matchers.metadata_matcher, envoy.matching.matchers.runtime_fraction
[2025-06-30 15:20:18.458][4731822][info][main] [source/server/server.cc:434]   envoy.rds_factory: envoy.rds_factory.default
[2025-06-30 15:20:18.458][4731822][info][main] [source/server/server.cc:434]   envoy.path.rewrite: envoy.path.rewrite.uri_template.uri_template_rewriter
[2025-06-30 15:20:18.458][4731822][info][main] [source/server/server.cc:434]   envoy.quic.server.crypto_stream: envoy.quic.crypto_stream.server.quiche
[2025-06-30 15:20:18.458][4731822][info][main] [source/server/server.cc:434]   envoy.dubbo_proxy.serializers: dubbo.hessian2
[2025-06-30 15:20:18.458][4731822][info][main] [source/server/server.cc:434]   envoy.tracers.opentelemetry.resource_detectors: envoy.tracers.opentelemetry.resource_detectors.dynatrace, envoy.tracers.opentelemetry.resource_detectors.environment, envoy.tracers.opentelemetry.resource_detectors.static_config
[2025-06-30 15:20:18.458][4731822][info][main] [source/server/server.cc:434]   envoy.http.header_validators: envoy.http.header_validators.envoy_default
[2025-06-30 15:20:18.458][4731822][info][main] [source/server/server.cc:434]   envoy.config.validators: envoy.config.validators.minimum_clusters, envoy.config.validators.minimum_clusters_validator
[2025-06-30 15:20:18.458][4731822][info][main] [source/server/server.cc:434]   envoy.upstream_options: envoy.extensions.upstreams.http.v3.HttpProtocolOptions, envoy.extensions.upstreams.tcp.v3.TcpProtocolOptions, envoy.upstreams.http.http_protocol_options, envoy.upstreams.tcp.tcp_protocol_options
[2025-06-30 15:20:18.458][4731822][info][main] [source/server/server.cc:434]   envoy.load_balancing_policies: envoy.load_balancing_policies.client_side_weighted_round_robin, envoy.load_balancing_policies.cluster_provided, envoy.load_balancing_policies.least_request, envoy.load_balancing_policies.maglev, envoy.load_balancing_policies.random, envoy.load_balancing_policies.ring_hash, envoy.load_balancing_policies.round_robin, envoy.load_balancing_policies.subset
[2025-06-30 15:20:18.458][4731822][info][main] [source/server/server.cc:434]   envoy.resolvers: envoy.ip
[2025-06-30 15:20:18.458][4731822][info][main] [source/server/server.cc:434]   envoy.compression.decompressor: envoy.compression.brotli.decompressor, envoy.compression.gzip.decompressor, envoy.compression.zstd.decompressor
[2025-06-30 15:20:18.458][4731822][info][main] [source/server/server.cc:434]   envoy.http.stateful_header_formatters: envoy.http.stateful_header_formatters.preserve_case, preserve_case
[2025-06-30 15:20:18.458][4731822][info][main] [source/server/server.cc:434]   envoy.config_subscription: envoy.config_subscription.ads, envoy.config_subscription.ads_collection, envoy.config_subscription.aggregated_grpc_collection, envoy.config_subscription.delta_grpc, envoy.config_subscription.delta_grpc_collection, envoy.config_subscription.filesystem, envoy.config_subscription.filesystem_collection, envoy.config_subscription.grpc, envoy.config_subscription.rest
[2025-06-30 15:20:18.458][4731822][info][main] [source/server/server.cc:434]   envoy.internal_redirect_predicates: envoy.internal_redirect_predicates.allow_listed_routes, envoy.internal_redirect_predicates.previous_routes, envoy.internal_redirect_predicates.safe_cross_scheme
[2025-06-30 15:20:18.458][4731822][info][main] [source/server/server.cc:434]   quic.http_server_connection: quic.http_server_connection.default
[2025-06-30 15:20:18.458][4731822][info][main] [source/server/server.cc:434]   envoy.thrift_proxy.transports: auto, framed, header, unframed
[2025-06-30 15:20:18.458][4731822][info][main] [source/server/server.cc:434]   envoy.request_id: envoy.request_id.uuid
[2025-06-30 15:20:18.458][4731822][info][main] [source/server/server.cc:434]   envoy.regex_engines: envoy.regex_engines.google_re2
[2025-06-30 15:20:18.458][4731822][info][main] [source/server/server.cc:434]   envoy.bootstrap: envoy.bootstrap.internal_listener, envoy.bootstrap.wasm, envoy.extensions.network.socket_interface.default_socket_interface
[2025-06-30 15:20:18.458][4731822][info][main] [source/server/server.cc:434]   envoy.filters.http: envoy.bandwidth_limit, envoy.buffer, envoy.cors, envoy.csrf, envoy.ext_authz, envoy.ext_proc, envoy.fault, envoy.filters.http.adaptive_concurrency, envoy.filters.http.admission_control, envoy.filters.http.alternate_protocols_cache, envoy.filters.http.api_key_auth, envoy.filters.http.aws_lambda, envoy.filters.http.aws_request_signing, envoy.filters.http.bandwidth_limit, envoy.filters.http.basic_auth, envoy.filters.http.buffer, envoy.filters.http.cache, envoy.filters.http.cdn_loop, envoy.filters.http.composite, envoy.filters.http.compressor, envoy.filters.http.connect_grpc_bridge, envoy.filters.http.cors, envoy.filters.http.credential_injector, envoy.filters.http.csrf, envoy.filters.http.custom_response, envoy.filters.http.decompressor, envoy.filters.http.dynamic_forward_proxy, envoy.filters.http.ext_authz, envoy.filters.http.ext_proc, envoy.filters.http.fault, envoy.filters.http.file_system_buffer, envoy.filters.http.gcp_authn, envoy.filters.http.geoip, envoy.filters.http.grpc_field_extraction, envoy.filters.http.grpc_http1_bridge, envoy.filters.http.grpc_http1_reverse_bridge, envoy.filters.http.grpc_json_reverse_transcoder, envoy.filters.http.grpc_json_transcoder, envoy.filters.http.grpc_stats, envoy.filters.http.grpc_web, envoy.filters.http.header_mutation, envoy.filters.http.header_to_metadata, envoy.filters.http.health_check, envoy.filters.http.ip_tagging, envoy.filters.http.json_to_metadata, envoy.filters.http.jwt_authn, envoy.filters.http.local_ratelimit, envoy.filters.http.lua, envoy.filters.http.match_delegate, envoy.filters.http.oauth2, envoy.filters.http.on_demand, envoy.filters.http.original_src, envoy.filters.http.proto_message_extraction, envoy.filters.http.rate_limit_quota, envoy.filters.http.ratelimit, envoy.filters.http.rbac, envoy.filters.http.router, envoy.filters.http.set_filter_state, envoy.filters.http.set_metadata, envoy.filters.http.stateful_session, envoy.filters.http.tap, envoy.filters.http.thrift_to_metadata, envoy.filters.http.wasm, envoy.geoip, envoy.grpc_http1_bridge, envoy.grpc_json_transcoder, envoy.grpc_web, envoy.health_check, envoy.ip_tagging, envoy.local_rate_limit, envoy.lua, envoy.rate_limit, envoy.router
[2025-06-30 15:20:18.458][4731822][info][main] [source/server/server.cc:434]   envoy.retry_priorities: envoy.retry_priorities.previous_priorities
[2025-06-30 15:20:18.458][4731822][info][main] [source/server/server.cc:434]   envoy.formatter: envoy.formatter.cel, envoy.formatter.metadata, envoy.formatter.req_without_query
[2025-06-30 15:20:18.458][4731822][info][main] [source/server/server.cc:434]   envoy.string_matcher: envoy.string_matcher.lua
[2025-06-30 15:20:18.458][4731822][info][main] [source/server/server.cc:434]   envoy.filters.listener: envoy.filters.listener.http_inspector, envoy.filters.listener.local_ratelimit, envoy.filters.listener.original_dst, envoy.filters.listener.original_src, envoy.filters.listener.proxy_protocol, envoy.filters.listener.tls_inspector, envoy.listener.http_inspector, envoy.listener.original_dst, envoy.listener.original_src, envoy.listener.proxy_protocol, envoy.listener.tls_inspector
[2025-06-30 15:20:18.458][4731822][info][main] [source/server/server.cc:434]   envoy.compression.compressor: envoy.compression.brotli.compressor, envoy.compression.gzip.compressor, envoy.compression.zstd.compressor
[2025-06-30 15:20:18.458][4731822][info][main] [source/server/server.cc:434]   envoy.dubbo_proxy.filters: envoy.filters.dubbo.router
[2025-06-30 15:20:18.458][4731822][info][main] [source/server/server.cc:434]   envoy.route.early_data_policy: envoy.route.early_data_policy.default
[2025-06-30 15:20:18.458][4731822][info][main] [source/server/server.cc:434]   envoy.udp_packet_writer: envoy.udp_packet_writer.default
[2025-06-30 15:20:18.458][4731822][info][main] [source/server/server.cc:434]   envoy.generic_proxy.filters: envoy.filters.generic.router
[2025-06-30 15:20:18.458][4731822][info][main] [source/server/server.cc:434]   envoy.path.match: envoy.path.match.uri_template.uri_template_matcher
[2025-06-30 15:20:18.458][4731822][info][main] [source/server/server.cc:434]   envoy.quic.connection_id_generator: envoy.quic.deterministic_connection_id_generator
[2025-06-30 15:20:18.458][4731822][info][main] [source/server/server.cc:434]   envoy.filters.udp.session: envoy.filters.udp.session.dynamic_forward_proxy, envoy.filters.udp.session.http_capsule
[2025-06-30 15:20:18.458][4731822][info][main] [source/server/server.cc:434]   envoy.http.original_ip_detection: envoy.http.original_ip_detection.custom_header, envoy.http.original_ip_detection.xff
[2025-06-30 15:20:18.458][4731822][info][main] [source/server/server.cc:434]   envoy.upstreams: envoy.filters.connection_pools.tcp.generic
[2025-06-30 15:20:18.458][4731822][info][main] [source/server/server.cc:434]   envoy.tls.cert_validator: envoy.tls.cert_validator.default, envoy.tls.cert_validator.spiffe
[2025-06-30 15:20:18.458][4731822][info][main] [source/server/server.cc:434]   envoy.matching.generic_proxy_request_input.input: envoy.matching.generic_proxy.input.host, envoy.matching.generic_proxy.input.method, envoy.matching.generic_proxy.input.path, envoy.matching.generic_proxy.input.property, envoy.matching.generic_proxy.input.request, envoy.matching.generic_proxy.input.service
[2025-06-30 15:20:18.458][4731822][info][main] [source/server/server.cc:434]   envoy.upstream.local_address_selector: envoy.upstream.local_address_selector.default_local_address_selector
[2025-06-30 15:20:18.458][4731822][info][main] [source/server/server.cc:434]   envoy.tracers: envoy.tracers.datadog, envoy.tracers.opentelemetry, envoy.tracers.skywalking, envoy.tracers.xray, envoy.tracers.zipkin, envoy.zipkin
[2025-06-30 15:20:18.458][4731822][info][main] [source/server/server.cc:434]   envoy.geoip_providers: envoy.geoip_providers.maxmind
[2025-06-30 15:20:18.458][4731822][info][main] [source/server/server.cc:434]   envoy.access_loggers: envoy.access_loggers.file, envoy.access_loggers.fluentd, envoy.access_loggers.http_grpc, envoy.access_loggers.open_telemetry, envoy.access_loggers.stderr, envoy.access_loggers.stdout, envoy.access_loggers.tcp_grpc, envoy.access_loggers.wasm, envoy.file_access_log, envoy.fluentd_access_log, envoy.http_grpc_access_log, envoy.open_telemetry_access_log, envoy.stderr_access_log, envoy.stdout_access_log, envoy.tcp_grpc_access_log, envoy.wasm_access_log
[2025-06-30 15:20:18.458][4731822][info][main] [source/server/server.cc:434]   envoy.tracers.opentelemetry.samplers: envoy.tracers.opentelemetry.samplers.always_on, envoy.tracers.opentelemetry.samplers.dynatrace
[2025-06-30 15:20:18.458][4731822][info][main] [source/server/server.cc:434]   envoy.http.cache: envoy.extensions.http.cache.file_system_http_cache, envoy.extensions.http.cache.simple
[2025-06-30 15:20:18.463][4731822][info][main] [source/server/server.cc:494] HTTP header map info:
[2025-06-30 15:20:18.465][4731822][info][main] [source/server/server.cc:497]   request header map: 656 bytes: :authority,:method,:path,:protocol,:scheme,accept,accept-encoding,access-control-request-headers,access-control-request-method,access-control-request-private-network,authentication,authorization,cache-control,cdn-loop,connection,content-encoding,content-length,content-type,expect,grpc-accept-encoding,grpc-timeout,if-match,if-modified-since,if-none-match,if-range,if-unmodified-since,keep-alive,origin,pragma,proxy-connection,proxy-status,referer,te,transfer-encoding,upgrade,user-agent,via,x-client-trace-id,x-envoy-attempt-count,x-envoy-decorator-operation,x-envoy-downstream-service-cluster,x-envoy-downstream-service-node,x-envoy-expected-rq-timeout-ms,x-envoy-external-address,x-envoy-force-trace,x-envoy-hedge-on-per-try-timeout,x-envoy-internal,x-envoy-ip-tags,x-envoy-is-timeout-retry,x-envoy-max-retries,x-envoy-original-path,x-envoy-original-url,x-envoy-retriable-header-names,x-envoy-retriable-status-codes,x-envoy-retry-grpc-on,x-envoy-retry-on,x-envoy-upstream-alt-stat-name,x-envoy-upstream-rq-per-try-timeout-ms,x-envoy-upstream-rq-timeout-alt-response,x-envoy-upstream-rq-timeout-ms,x-envoy-upstream-stream-duration-ms,x-forwarded-client-cert,x-forwarded-for,x-forwarded-host,x-forwarded-port,x-forwarded-proto,x-request-id
[2025-06-30 15:20:18.465][4731822][info][main] [source/server/server.cc:497]   request trailer map: 120 bytes: 
[2025-06-30 15:20:18.465][4731822][info][main] [source/server/server.cc:497]   response header map: 432 bytes: :status,access-control-allow-credentials,access-control-allow-headers,access-control-allow-methods,access-control-allow-origin,access-control-allow-private-network,access-control-expose-headers,access-control-max-age,age,cache-control,connection,content-encoding,content-length,content-type,date,etag,expires,grpc-message,grpc-status,keep-alive,last-modified,location,proxy-connection,proxy-status,server,transfer-encoding,upgrade,vary,via,x-envoy-attempt-count,x-envoy-decorator-operation,x-envoy-degraded,x-envoy-immediate-health-check-fail,x-envoy-ratelimited,x-envoy-upstream-canary,x-envoy-upstream-healthchecked-cluster,x-envoy-upstream-service-time,x-request-id
[2025-06-30 15:20:18.465][4731822][info][main] [source/server/server.cc:497]   response trailer map: 144 bytes: grpc-message,grpc-status
[2025-06-30 15:20:18.471][4731822][info][main] [source/server/server.cc:890] runtime: {}
[2025-06-30 15:20:18.471][4731822][info][main] [source/server/server.cc:728] Starting admin HTTP server at 127.0.0.1:9902
[2025-06-30 15:20:18.471][4731822][info][admin] [source/server/admin/admin.cc:65] admin address: 127.0.0.1:9902
[2025-06-30 15:20:18.471][4731822][info][config] [source/server/configuration_impl.cc:173] loading tracing configuration
[2025-06-30 15:20:18.471][4731822][info][config] [source/server/configuration_impl.cc:124] loading 0 static secret(s)
[2025-06-30 15:20:18.471][4731822][info][config] [source/server/configuration_impl.cc:130] loading 2 cluster(s)
[2025-06-30 15:20:18.477][4731822][info][config] [source/server/configuration_impl.cc:140] loading 1 listener(s)
[2025-06-30 15:20:18.477][4731822][warning][config] [source/common/listener_manager/listener_impl.cc:1121] reuse_port was configured for TCP listener 'listener_0' and is being force disabled because Envoy is not running on Linux. See the documentation for more information.
[2025-06-30 15:20:18.482][4731822][info][config] [source/server/configuration_impl.cc:156] loading stats configuration
[2025-06-30 15:20:18.482][4731822][warning][main] [source/server/server.cc:959] There is no configured limit to the number of allowed active downstream connections. Configure a limit in `envoy.resource_monitors.global_downstream_max_connections` resource monitor.
[2025-06-30 15:20:18.482][4731822][info][main] [source/server/server.cc:1001] starting main dispatch loop
[2025-06-30 15:20:19.569][4731822][info][runtime] [source/common/runtime/runtime_impl.cc:632] RTDS has finished initialization
[2025-06-30 15:20:19.569][4731822][info][upstream] [source/common/upstream/cluster_manager_impl.cc:265] cm init: all clusters initialized
[2025-06-30 15:20:19.569][4731822][info][main] [source/server/server.cc:981] all clusters initialized. initializing init manager
[2025-06-30 15:20:19.569][4731822][info][config] [source/common/listener_manager/listener_manager_impl.cc:944] all dependencies initialized. starting workers
[2025-06-30 15:22:41.881][4731822][warning][main] [source/server/server.cc:933] caught SIGINT
[2025-06-30 15:22:41.886][4731822][info][main] [source/server/server.cc:1069] shutting down server instance
[2025-06-30 15:22:41.886][4731822][info][main] [source/server/server.cc:1009] main dispatch loop exited
[2025-06-30 15:22:41.897][4731822][info][main] [source/server/server.cc:1061] exiting
[2025-06-30 15:22:53.452][4735307][info][main] [source/server/server.cc:430] initializing epoch 0 (base id=0, hot restart version=disabled)
[2025-06-30 15:22:53.453][4735307][info][main] [source/server/server.cc:432] statically linked extensions:
[2025-06-30 15:22:53.454][4735307][info][main] [source/server/server.cc:434]   envoy.filters.listener: envoy.filters.listener.http_inspector, envoy.filters.listener.local_ratelimit, envoy.filters.listener.original_dst, envoy.filters.listener.original_src, envoy.filters.listener.proxy_protocol, envoy.filters.listener.tls_inspector, envoy.listener.http_inspector, envoy.listener.original_dst, envoy.listener.original_src, envoy.listener.proxy_protocol, envoy.listener.tls_inspector
[2025-06-30 15:22:53.454][4735307][info][main] [source/server/server.cc:434]   envoy.path.rewrite: envoy.path.rewrite.uri_template.uri_template_rewriter
[2025-06-30 15:22:53.454][4735307][info][main] [source/server/server.cc:434]   quic.http_server_connection: quic.http_server_connection.default
[2025-06-30 15:22:53.454][4735307][info][main] [source/server/server.cc:434]   envoy.filters.network: envoy.echo, envoy.ext_authz, envoy.filters.network.connection_limit, envoy.filters.network.direct_response, envoy.filters.network.dubbo_proxy, envoy.filters.network.echo, envoy.filters.network.ext_authz, envoy.filters.network.generic_proxy, envoy.filters.network.http_connection_manager, envoy.filters.network.local_ratelimit, envoy.filters.network.mongo_proxy, envoy.filters.network.ratelimit, envoy.filters.network.rbac, envoy.filters.network.redis_proxy, envoy.filters.network.set_filter_state, envoy.filters.network.sni_cluster, envoy.filters.network.sni_dynamic_forward_proxy, envoy.filters.network.tcp_proxy, envoy.filters.network.thrift_proxy, envoy.filters.network.wasm, envoy.filters.network.zookeeper_proxy, envoy.http_connection_manager, envoy.mongo_proxy, envoy.ratelimit, envoy.redis_proxy, envoy.tcp_proxy
[2025-06-30 15:22:53.454][4735307][info][main] [source/server/server.cc:434]   envoy.generic_proxy.codecs: envoy.generic_proxy.codecs.dubbo, envoy.generic_proxy.codecs.http1
[2025-06-30 15:22:53.454][4735307][info][main] [source/server/server.cc:434]   envoy.route_config_update_requester: envoy.route_config_update_requester.default
[2025-06-30 15:22:53.454][4735307][info][main] [source/server/server.cc:434]   envoy.retry_host_predicates: envoy.retry_host_predicates.omit_canary_hosts, envoy.retry_host_predicates.omit_host_metadata, envoy.retry_host_predicates.previous_hosts
[2025-06-30 15:22:53.454][4735307][info][main] [source/server/server.cc:434]   filter_state.object: envoy.filters.listener.original_dst.local_ip, envoy.filters.listener.original_dst.remote_ip, envoy.network.application_protocols, envoy.network.transport_socket.original_dst_address, envoy.network.upstream_server_name, envoy.network.upstream_subject_alt_names, envoy.ratelimit.hits_addend, envoy.string, envoy.tcp_proxy.cluster, envoy.tcp_proxy.disable_tunneling, envoy.tcp_proxy.per_connection_idle_timeout_ms, envoy.upstream.dynamic_host, envoy.upstream.dynamic_port
[2025-06-30 15:22:53.454][4735307][info][main] [source/server/server.cc:434]   envoy.filters.udp_listener: envoy.filters.udp.dns_filter, envoy.filters.udp_listener.udp_proxy
[2025-06-30 15:22:53.454][4735307][info][main] [source/server/server.cc:434]   envoy.connection_handler: envoy.connection_handler.default
[2025-06-30 15:22:53.454][4735307][info][main] [source/server/server.cc:434]   envoy.http.original_ip_detection: envoy.http.original_ip_detection.custom_header, envoy.http.original_ip_detection.xff
[2025-06-30 15:22:53.454][4735307][info][main] [source/server/server.cc:434]   envoy.network.dns_resolver: envoy.network.dns_resolver.apple, envoy.network.dns_resolver.cares, envoy.network.dns_resolver.getaddrinfo
[2025-06-30 15:22:53.454][4735307][info][main] [source/server/server.cc:434]   envoy.tracers: envoy.tracers.datadog, envoy.tracers.opentelemetry, envoy.tracers.skywalking, envoy.tracers.xray, envoy.tracers.zipkin, envoy.zipkin
[2025-06-30 15:22:53.454][4735307][info][main] [source/server/server.cc:434]   envoy.ssl.server_context_factory: envoy.ssl.server_context_factory.default
[2025-06-30 15:22:53.454][4735307][info][main] [source/server/server.cc:434]   envoy.config_subscription: envoy.config_subscription.ads, envoy.config_subscription.ads_collection, envoy.config_subscription.aggregated_grpc_collection, envoy.config_subscription.delta_grpc, envoy.config_subscription.delta_grpc_collection, envoy.config_subscription.filesystem, envoy.config_subscription.filesystem_collection, envoy.config_subscription.grpc, envoy.config_subscription.rest
[2025-06-30 15:22:53.454][4735307][info][main] [source/server/server.cc:434]   envoy.filters.udp.session: envoy.filters.udp.session.dynamic_forward_proxy, envoy.filters.udp.session.http_capsule
[2025-06-30 15:22:53.454][4735307][info][main] [source/server/server.cc:434]   envoy.http.header_validators: envoy.http.header_validators.envoy_default
[2025-06-30 15:22:53.454][4735307][info][main] [source/server/server.cc:434]   envoy.srds_factory: envoy.srds_factory.default
[2025-06-30 15:22:53.454][4735307][info][main] [source/server/server.cc:434]   envoy.generic_proxy.access_loggers: envoy.generic_proxy.access_loggers.file
[2025-06-30 15:22:53.454][4735307][info][main] [source/server/server.cc:434]   envoy.regex_engines: envoy.regex_engines.google_re2
[2025-06-30 15:22:53.454][4735307][info][main] [source/server/server.cc:434]   envoy.router.cluster_specifier_plugin: envoy.router.cluster_specifier_plugin.lua
[2025-06-30 15:22:53.454][4735307][info][main] [source/server/server.cc:434]   envoy.tracers.opentelemetry.samplers: envoy.tracers.opentelemetry.samplers.always_on, envoy.tracers.opentelemetry.samplers.dynatrace
[2025-06-30 15:22:53.454][4735307][info][main] [source/server/server.cc:434]   envoy.health_check.event_sinks: envoy.health_check.event_sink.file
[2025-06-30 15:22:53.454][4735307][info][main] [source/server/server.cc:434]   envoy.string_matcher: envoy.string_matcher.lua
[2025-06-30 15:22:53.454][4735307][info][main] [source/server/server.cc:434]   network.connection.client: default, envoy_internal
[2025-06-30 15:22:53.454][4735307][info][main] [source/server/server.cc:434]   envoy.load_balancing_policies: envoy.load_balancing_policies.client_side_weighted_round_robin, envoy.load_balancing_policies.cluster_provided, envoy.load_balancing_policies.least_request, envoy.load_balancing_policies.maglev, envoy.load_balancing_policies.random, envoy.load_balancing_policies.ring_hash, envoy.load_balancing_policies.round_robin, envoy.load_balancing_policies.subset
[2025-06-30 15:22:53.454][4735307][info][main] [source/server/server.cc:434]   envoy.quic.connection_id_generator: envoy.quic.deterministic_connection_id_generator
[2025-06-30 15:22:53.454][4735307][info][main] [source/server/server.cc:434]   envoy.retry_priorities: envoy.retry_priorities.previous_priorities
[2025-06-30 15:22:53.454][4735307][info][main] [source/server/server.cc:434]   envoy.bootstrap: envoy.bootstrap.internal_listener, envoy.bootstrap.wasm, envoy.extensions.network.socket_interface.default_socket_interface
[2025-06-30 15:22:53.454][4735307][info][main] [source/server/server.cc:434]   envoy.http.cache: envoy.extensions.http.cache.file_system_http_cache, envoy.extensions.http.cache.simple
[2025-06-30 15:22:53.454][4735307][info][main] [source/server/server.cc:434]   envoy.quic.server.crypto_stream: envoy.quic.crypto_stream.server.quiche
[2025-06-30 15:22:53.454][4735307][info][main] [source/server/server.cc:434]   envoy.dubbo_proxy.protocols: dubbo
[2025-06-30 15:22:53.454][4735307][info][main] [source/server/server.cc:434]   envoy.dubbo_proxy.serializers: dubbo.hessian2
[2025-06-30 15:22:53.454][4735307][info][main] [source/server/server.cc:434]   envoy.stats_sinks: envoy.dog_statsd, envoy.graphite_statsd, envoy.metrics_service, envoy.open_telemetry_stat_sink, envoy.stat_sinks.dog_statsd, envoy.stat_sinks.graphite_statsd, envoy.stat_sinks.hystrix, envoy.stat_sinks.metrics_service, envoy.stat_sinks.open_telemetry, envoy.stat_sinks.statsd, envoy.stat_sinks.wasm, envoy.statsd
[2025-06-30 15:22:53.454][4735307][info][main] [source/server/server.cc:434]   envoy.thrift_proxy.transports: auto, framed, header, unframed
[2025-06-30 15:22:53.454][4735307][info][main] [source/server/server.cc:434]   envoy.thrift_proxy.filters: envoy.filters.thrift.header_to_metadata, envoy.filters.thrift.payload_to_metadata, envoy.filters.thrift.rate_limit, envoy.filters.thrift.router
[2025-06-30 15:22:53.454][4735307][info][main] [source/server/server.cc:434]   envoy.health_checkers: envoy.health_checkers.grpc, envoy.health_checkers.http, envoy.health_checkers.redis, envoy.health_checkers.tcp, envoy.health_checkers.thrift
[2025-06-30 15:22:53.454][4735307][info][main] [source/server/server.cc:434]   envoy.rate_limit_descriptors: envoy.rate_limit_descriptors.expr
[2025-06-30 15:22:53.454][4735307][info][main] [source/server/server.cc:434]   envoy.formatter: envoy.formatter.cel, envoy.formatter.metadata, envoy.formatter.req_without_query
[2025-06-30 15:22:53.454][4735307][info][main] [source/server/server.cc:434]   envoy.filters.http.upstream: envoy.buffer, envoy.ext_proc, envoy.filters.http.admission_control, envoy.filters.http.aws_lambda, envoy.filters.http.aws_request_signing, envoy.filters.http.buffer, envoy.filters.http.composite, envoy.filters.http.ext_proc, envoy.filters.http.header_mutation, envoy.filters.http.match_delegate, envoy.filters.http.upstream_codec, envoy.filters.http.wasm
[2025-06-30 15:22:53.454][4735307][info][main] [source/server/server.cc:434]   envoy.geoip_providers: envoy.geoip_providers.maxmind
[2025-06-30 15:22:53.454][4735307][info][main] [source/server/server.cc:434]   envoy.quic.proof_source: envoy.quic.proof_source.filter_chain
[2025-06-30 15:22:53.454][4735307][info][main] [source/server/server.cc:434]   envoy.route.early_data_policy: envoy.route.early_data_policy.default
[2025-06-30 15:22:53.454][4735307][info][main] [source/server/server.cc:434]   envoy.tracers.opentelemetry.resource_detectors: envoy.tracers.opentelemetry.resource_detectors.dynatrace, envoy.tracers.opentelemetry.resource_detectors.environment, envoy.tracers.opentelemetry.resource_detectors.static_config
[2025-06-30 15:22:53.454][4735307][info][main] [source/server/server.cc:434]   envoy.generic_proxy.filters: envoy.filters.generic.router
[2025-06-30 15:22:53.454][4735307][info][main] [source/server/server.cc:434]   envoy.rds_factory: envoy.rds_factory.default
[2025-06-30 15:22:53.454][4735307][info][main] [source/server/server.cc:434]   envoy.config.validators: envoy.config.validators.minimum_clusters, envoy.config.validators.minimum_clusters_validator
[2025-06-30 15:22:53.454][4735307][info][main] [source/server/server.cc:434]   envoy.access_loggers: envoy.access_loggers.file, envoy.access_loggers.fluentd, envoy.access_loggers.http_grpc, envoy.access_loggers.open_telemetry, envoy.access_loggers.stderr, envoy.access_loggers.stdout, envoy.access_loggers.tcp_grpc, envoy.access_loggers.wasm, envoy.file_access_log, envoy.fluentd_access_log, envoy.http_grpc_access_log, envoy.open_telemetry_access_log, envoy.stderr_access_log, envoy.stdout_access_log, envoy.tcp_grpc_access_log, envoy.wasm_access_log
[2025-06-30 15:22:53.454][4735307][info][main] [source/server/server.cc:434]   envoy.upstreams: envoy.filters.connection_pools.tcp.generic
[2025-06-30 15:22:53.454][4735307][info][main] [source/server/server.cc:434]   envoy.tls.cert_validator: envoy.tls.cert_validator.default, envoy.tls.cert_validator.spiffe
[2025-06-30 15:22:53.454][4735307][info][main] [source/server/server.cc:434]   envoy.grpc_credentials: envoy.grpc_credentials.aws_iam, envoy.grpc_credentials.default, envoy.grpc_credentials.file_based_metadata
[2025-06-30 15:22:53.454][4735307][info][main] [source/server/server.cc:434]   envoy.matching.generic_proxy_request_input.input: envoy.matching.generic_proxy.input.host, envoy.matching.generic_proxy.input.method, envoy.matching.generic_proxy.input.path, envoy.matching.generic_proxy.input.property, envoy.matching.generic_proxy.input.request, envoy.matching.generic_proxy.input.service
[2025-06-30 15:22:53.454][4735307][info][main] [source/server/server.cc:434]   envoy.rbac.matchers: envoy.rbac.matchers.upstream_ip_port
[2025-06-30 15:22:53.454][4735307][info][main] [source/server/server.cc:434]   envoy.wasm.runtime: envoy.wasm.runtime.null
[2025-06-30 15:22:53.454][4735307][info][main] [source/server/server.cc:434]   envoy.built_in_formatters.generic_proxy: envoy.built_in_formatters.generic_poxy.default
[2025-06-30 15:22:53.454][4735307][info][main] [source/server/server.cc:434]   envoy.http.stateful_session: envoy.http.stateful_session.cookie, envoy.http.stateful_session.header
[2025-06-30 15:22:53.454][4735307][info][main] [source/server/server.cc:434]   envoy.matching.network.custom_matchers: envoy.matching.custom_matchers.trie_matcher
[2025-06-30 15:22:53.454][4735307][info][main] [source/server/server.cc:434]   envoy.udp_packet_writer: envoy.udp_packet_writer.default
[2025-06-30 15:22:53.454][4735307][info][main] [source/server/server.cc:434]   envoy.dubbo_proxy.filters: envoy.filters.dubbo.router
[2025-06-30 15:22:53.454][4735307][info][main] [source/server/server.cc:434]   envoy.http.injected_credentials: envoy.http.injected_credentials.generic, envoy.http.injected_credentials.oauth2
[2025-06-30 15:22:53.454][4735307][info][main] [source/server/server.cc:434]   envoy.matching.network.input: envoy.matching.inputs.application_protocol, envoy.matching.inputs.destination_ip, envoy.matching.inputs.destination_port, envoy.matching.inputs.direct_source_ip, envoy.matching.inputs.dns_san, envoy.matching.inputs.filter_state, envoy.matching.inputs.server_name, envoy.matching.inputs.source_ip, envoy.matching.inputs.source_port, envoy.matching.inputs.source_type, envoy.matching.inputs.subject, envoy.matching.inputs.transport_protocol, envoy.matching.inputs.uri_san
[2025-06-30 15:22:53.454][4735307][info][main] [source/server/server.cc:434]   envoy.matching.http.input: envoy.matching.inputs.cel_data_input, envoy.matching.inputs.destination_ip, envoy.matching.inputs.destination_port, envoy.matching.inputs.direct_source_ip, envoy.matching.inputs.dns_san, envoy.matching.inputs.dynamic_metadata, envoy.matching.inputs.filter_state, envoy.matching.inputs.request_headers, envoy.matching.inputs.request_trailers, envoy.matching.inputs.response_headers, envoy.matching.inputs.response_trailers, envoy.matching.inputs.server_name, envoy.matching.inputs.source_ip, envoy.matching.inputs.source_port, envoy.matching.inputs.source_type, envoy.matching.inputs.status_code_class_input, envoy.matching.inputs.status_code_input, envoy.matching.inputs.subject, envoy.matching.inputs.uri_san, query_params
[2025-06-30 15:22:53.454][4735307][info][main] [source/server/server.cc:434]   envoy.path.match: envoy.path.match.uri_template.uri_template_matcher
[2025-06-30 15:22:53.454][4735307][info][main] [source/server/server.cc:434]   envoy.access_loggers.extension_filters: envoy.access_loggers.extension_filters.cel
[2025-06-30 15:22:53.454][4735307][info][main] [source/server/server.cc:434]   envoy.matching.http.custom_matchers: envoy.matching.custom_matchers.trie_matcher
[2025-06-30 15:22:53.454][4735307][info][main] [source/server/server.cc:434]   envoy.resource_monitors: envoy.resource_monitors.cpu_utilization, envoy.resource_monitors.fixed_heap, envoy.resource_monitors.injected_resource
[2025-06-30 15:22:53.454][4735307][info][main] [source/server/server.cc:434]   envoy.quic.connection_debug_visitor: envoy.quic.connection_debug_visitor.basic, envoy.quic.connection_debug_visitor.quic_stats
[2025-06-30 15:22:53.454][4735307][info][main] [source/server/server.cc:434]   envoy.request_id: envoy.request_id.uuid
[2025-06-30 15:22:53.454][4735307][info][main] [source/server/server.cc:434]   envoy.clusters: envoy.cluster.dns, envoy.cluster.eds, envoy.cluster.logical_dns, envoy.cluster.original_dst, envoy.cluster.static, envoy.cluster.strict_dns, envoy.clusters.aggregate, envoy.clusters.dynamic_forward_proxy, envoy.clusters.redis
[2025-06-30 15:22:53.454][4735307][info][main] [source/server/server.cc:434]   envoy.internal_redirect_predicates: envoy.internal_redirect_predicates.allow_listed_routes, envoy.internal_redirect_predicates.previous_routes, envoy.internal_redirect_predicates.safe_cross_scheme
[2025-06-30 15:22:53.454][4735307][info][main] [source/server/server.cc:434]   envoy.compression.compressor: envoy.compression.brotli.compressor, envoy.compression.gzip.compressor, envoy.compression.zstd.compressor
[2025-06-30 15:22:53.454][4735307][info][main] [source/server/server.cc:434]   envoy.transport_sockets.upstream: envoy.transport_sockets.alts, envoy.transport_sockets.http_11_proxy, envoy.transport_sockets.internal_upstream, envoy.transport_sockets.quic, envoy.transport_sockets.raw_buffer, envoy.transport_sockets.starttls, envoy.transport_sockets.tap, envoy.transport_sockets.tcp_stats, envoy.transport_sockets.tls, envoy.transport_sockets.upstream_proxy_protocol, raw_buffer, starttls, tls
[2025-06-30 15:22:53.454][4735307][info][main] [source/server/server.cc:434]   envoy.guarddog_actions: envoy.watchdog.abort_action, envoy.watchdog.profile_action
[2025-06-30 15:22:53.454][4735307][info][main] [source/server/server.cc:434]   envoy.quic.server_preferred_address: quic.server_preferred_address.datasource, quic.server_preferred_address.fixed
[2025-06-30 15:22:53.454][4735307][info][main] [source/server/server.cc:434]   envoy.common.key_value: envoy.key_value.file_based
[2025-06-30 15:22:53.454][4735307][info][main] [source/server/server.cc:434]   envoy.http.early_header_mutation: envoy.http.early_header_mutation.header_mutation
[2025-06-30 15:22:53.454][4735307][info][main] [source/server/server.cc:434]   envoy.http.stateful_header_formatters: envoy.http.stateful_header_formatters.preserve_case, preserve_case
[2025-06-30 15:22:53.454][4735307][info][main] [source/server/server.cc:434]   envoy.transport_sockets.downstream: envoy.transport_sockets.alts, envoy.transport_sockets.quic, envoy.transport_sockets.raw_buffer, envoy.transport_sockets.starttls, envoy.transport_sockets.tap, envoy.transport_sockets.tcp_stats, envoy.transport_sockets.tls, raw_buffer, starttls, tls
[2025-06-30 15:22:53.454][4735307][info][main] [source/server/server.cc:434]   envoy.upstream.local_address_selector: envoy.upstream.local_address_selector.default_local_address_selector
[2025-06-30 15:22:53.454][4735307][info][main] [source/server/server.cc:434]   envoy.listener_manager_impl: envoy.listener_manager_impl.default, envoy.listener_manager_impl.validation
[2025-06-30 15:22:53.454][4735307][info][main] [source/server/server.cc:434]   envoy.http.custom_response: envoy.extensions.http.custom_response.local_response_policy, envoy.extensions.http.custom_response.redirect_policy
[2025-06-30 15:22:53.454][4735307][info][main] [source/server/server.cc:434]   envoy.resolvers: envoy.ip
[2025-06-30 15:22:53.454][4735307][info][main] [source/server/server.cc:434]   envoy.upstream_options: envoy.extensions.upstreams.http.v3.HttpProtocolOptions, envoy.extensions.upstreams.tcp.v3.TcpProtocolOptions, envoy.upstreams.http.http_protocol_options, envoy.upstreams.tcp.tcp_protocol_options
[2025-06-30 15:22:53.454][4735307][info][main] [source/server/server.cc:434]   envoy.thrift_proxy.protocols: auto, binary, binary/non-strict, compact, twitter
[2025-06-30 15:22:53.454][4735307][info][main] [source/server/server.cc:434]   envoy.matching.input_matchers: envoy.matching.input_matchers.generic_request_matcher, envoy.matching.matchers.cel_matcher, envoy.matching.matchers.consistent_hashing, envoy.matching.matchers.ip, envoy.matching.matchers.metadata_matcher, envoy.matching.matchers.runtime_fraction
[2025-06-30 15:22:53.454][4735307][info][main] [source/server/server.cc:434]   envoy.config_mux: envoy.config_mux.delta_grpc_mux_factory, envoy.config_mux.grpc_mux_factory, envoy.config_mux.new_grpc_mux_factory, envoy.config_mux.sotw_grpc_mux_factory
[2025-06-30 15:22:53.454][4735307][info][main] [source/server/server.cc:434]   envoy.matching.common_inputs: envoy.matching.common_inputs.environment_variable
[2025-06-30 15:22:53.454][4735307][info][main] [source/server/server.cc:434]   envoy.built_in_formatters.http: envoy.built_in_formatters.http.default
[2025-06-30 15:22:53.454][4735307][info][main] [source/server/server.cc:434]   envoy.filters.http: envoy.bandwidth_limit, envoy.buffer, envoy.cors, envoy.csrf, envoy.ext_authz, envoy.ext_proc, envoy.fault, envoy.filters.http.adaptive_concurrency, envoy.filters.http.admission_control, envoy.filters.http.alternate_protocols_cache, envoy.filters.http.api_key_auth, envoy.filters.http.aws_lambda, envoy.filters.http.aws_request_signing, envoy.filters.http.bandwidth_limit, envoy.filters.http.basic_auth, envoy.filters.http.buffer, envoy.filters.http.cache, envoy.filters.http.cdn_loop, envoy.filters.http.composite, envoy.filters.http.compressor, envoy.filters.http.connect_grpc_bridge, envoy.filters.http.cors, envoy.filters.http.credential_injector, envoy.filters.http.csrf, envoy.filters.http.custom_response, envoy.filters.http.decompressor, envoy.filters.http.dynamic_forward_proxy, envoy.filters.http.ext_authz, envoy.filters.http.ext_proc, envoy.filters.http.fault, envoy.filters.http.file_system_buffer, envoy.filters.http.gcp_authn, envoy.filters.http.geoip, envoy.filters.http.grpc_field_extraction, envoy.filters.http.grpc_http1_bridge, envoy.filters.http.grpc_http1_reverse_bridge, envoy.filters.http.grpc_json_reverse_transcoder, envoy.filters.http.grpc_json_transcoder, envoy.filters.http.grpc_stats, envoy.filters.http.grpc_web, envoy.filters.http.header_mutation, envoy.filters.http.header_to_metadata, envoy.filters.http.health_check, envoy.filters.http.ip_tagging, envoy.filters.http.json_to_metadata, envoy.filters.http.jwt_authn, envoy.filters.http.local_ratelimit, envoy.filters.http.lua, envoy.filters.http.match_delegate, envoy.filters.http.oauth2, envoy.filters.http.on_demand, envoy.filters.http.original_src, envoy.filters.http.proto_message_extraction, envoy.filters.http.rate_limit_quota, envoy.filters.http.ratelimit, envoy.filters.http.rbac, envoy.filters.http.router, envoy.filters.http.set_filter_state, envoy.filters.http.set_metadata, envoy.filters.http.stateful_session, envoy.filters.http.tap, envoy.filters.http.thrift_to_metadata, envoy.filters.http.wasm, envoy.geoip, envoy.grpc_http1_bridge, envoy.grpc_json_transcoder, envoy.grpc_web, envoy.health_check, envoy.ip_tagging, envoy.local_rate_limit, envoy.lua, envoy.rate_limit, envoy.router
[2025-06-30 15:22:53.454][4735307][info][main] [source/server/server.cc:434]   envoy.built_in_formatters.stream_info: envoy.built_in_formatters.stream_info.default
[2025-06-30 15:22:53.454][4735307][info][main] [source/server/server.cc:434]   envoy.compression.decompressor: envoy.compression.brotli.decompressor, envoy.compression.gzip.decompressor, envoy.compression.zstd.decompressor
[2025-06-30 15:22:53.454][4735307][info][main] [source/server/server.cc:434]   envoy.matching.action: envoy.matching.actions.format_string, filter-chain-name
[2025-06-30 15:22:53.461][4735307][info][main] [source/server/server.cc:494] HTTP header map info:
[2025-06-30 15:22:53.463][4735307][info][main] [source/server/server.cc:497]   request header map: 656 bytes: :authority,:method,:path,:protocol,:scheme,accept,accept-encoding,access-control-request-headers,access-control-request-method,access-control-request-private-network,authentication,authorization,cache-control,cdn-loop,connection,content-encoding,content-length,content-type,expect,grpc-accept-encoding,grpc-timeout,if-match,if-modified-since,if-none-match,if-range,if-unmodified-since,keep-alive,origin,pragma,proxy-connection,proxy-status,referer,te,transfer-encoding,upgrade,user-agent,via,x-client-trace-id,x-envoy-attempt-count,x-envoy-decorator-operation,x-envoy-downstream-service-cluster,x-envoy-downstream-service-node,x-envoy-expected-rq-timeout-ms,x-envoy-external-address,x-envoy-force-trace,x-envoy-hedge-on-per-try-timeout,x-envoy-internal,x-envoy-ip-tags,x-envoy-is-timeout-retry,x-envoy-max-retries,x-envoy-original-path,x-envoy-original-url,x-envoy-retriable-header-names,x-envoy-retriable-status-codes,x-envoy-retry-grpc-on,x-envoy-retry-on,x-envoy-upstream-alt-stat-name,x-envoy-upstream-rq-per-try-timeout-ms,x-envoy-upstream-rq-timeout-alt-response,x-envoy-upstream-rq-timeout-ms,x-envoy-upstream-stream-duration-ms,x-forwarded-client-cert,x-forwarded-for,x-forwarded-host,x-forwarded-port,x-forwarded-proto,x-request-id
[2025-06-30 15:22:53.463][4735307][info][main] [source/server/server.cc:497]   request trailer map: 120 bytes: 
[2025-06-30 15:22:53.463][4735307][info][main] [source/server/server.cc:497]   response header map: 432 bytes: :status,access-control-allow-credentials,access-control-allow-headers,access-control-allow-methods,access-control-allow-origin,access-control-allow-private-network,access-control-expose-headers,access-control-max-age,age,cache-control,connection,content-encoding,content-length,content-type,date,etag,expires,grpc-message,grpc-status,keep-alive,last-modified,location,proxy-connection,proxy-status,server,transfer-encoding,upgrade,vary,via,x-envoy-attempt-count,x-envoy-decorator-operation,x-envoy-degraded,x-envoy-immediate-health-check-fail,x-envoy-ratelimited,x-envoy-upstream-canary,x-envoy-upstream-healthchecked-cluster,x-envoy-upstream-service-time,x-request-id
[2025-06-30 15:22:53.463][4735307][info][main] [source/server/server.cc:497]   response trailer map: 144 bytes: grpc-message,grpc-status
[2025-06-30 15:22:53.474][4735307][info][main] [source/server/server.cc:890] runtime: {}
[2025-06-30 15:22:53.474][4735307][info][main] [source/server/server.cc:728] Starting admin HTTP server at 127.0.0.1:9902
[2025-06-30 15:22:53.475][4735307][info][admin] [source/server/admin/admin.cc:65] admin address: 127.0.0.1:9902
[2025-06-30 15:22:53.475][4735307][info][config] [source/server/configuration_impl.cc:173] loading tracing configuration
[2025-06-30 15:22:53.475][4735307][info][config] [source/server/configuration_impl.cc:124] loading 0 static secret(s)
[2025-06-30 15:22:53.475][4735307][info][config] [source/server/configuration_impl.cc:130] loading 2 cluster(s)
[2025-06-30 15:22:53.482][4735307][info][config] [source/server/configuration_impl.cc:140] loading 1 listener(s)
[2025-06-30 15:22:53.483][4735307][warning][config] [source/common/listener_manager/listener_impl.cc:1121] reuse_port was configured for TCP listener 'listener_0' and is being force disabled because Envoy is not running on Linux. See the documentation for more information.
[2025-06-30 15:22:53.488][4735307][info][config] [source/server/configuration_impl.cc:156] loading stats configuration
[2025-06-30 15:22:53.489][4735307][warning][main] [source/server/server.cc:959] There is no configured limit to the number of allowed active downstream connections. Configure a limit in `envoy.resource_monitors.global_downstream_max_connections` resource monitor.
[2025-06-30 15:22:53.489][4735307][info][main] [source/server/server.cc:1001] starting main dispatch loop
[2025-06-30 15:22:53.489][4735307][info][runtime] [source/common/runtime/runtime_impl.cc:632] RTDS has finished initialization
[2025-06-30 15:22:53.489][4735307][info][upstream] [source/common/upstream/cluster_manager_impl.cc:265] cm init: all clusters initialized
[2025-06-30 15:22:53.490][4735307][info][main] [source/server/server.cc:981] all clusters initialized. initializing init manager
[2025-06-30 15:22:53.490][4735307][info][config] [source/common/listener_manager/listener_manager_impl.cc:944] all dependencies initialized. starting workers
[2025-06-30 15:24:36.226][4735307][warning][main] [source/server/server.cc:933] caught SIGINT
[2025-06-30 15:24:36.228][4735307][info][main] [source/server/server.cc:1069] shutting down server instance
[2025-06-30 15:24:36.228][4735307][info][main] [source/server/server.cc:1009] main dispatch loop exited
[2025-06-30 15:24:36.237][4735307][info][main] [source/server/server.cc:1061] exiting
[2025-06-30 15:24:37.316][4737568][info][main] [source/server/server.cc:430] initializing epoch 0 (base id=0, hot restart version=disabled)
[2025-06-30 15:24:37.317][4737568][info][main] [source/server/server.cc:432] statically linked extensions:
[2025-06-30 15:24:37.317][4737568][info][main] [source/server/server.cc:434]   envoy.filters.udp.session: envoy.filters.udp.session.dynamic_forward_proxy, envoy.filters.udp.session.http_capsule
[2025-06-30 15:24:37.317][4737568][info][main] [source/server/server.cc:434]   envoy.config_mux: envoy.config_mux.delta_grpc_mux_factory, envoy.config_mux.grpc_mux_factory, envoy.config_mux.new_grpc_mux_factory, envoy.config_mux.sotw_grpc_mux_factory
[2025-06-30 15:24:37.317][4737568][info][main] [source/server/server.cc:434]   envoy.upstream.local_address_selector: envoy.upstream.local_address_selector.default_local_address_selector
[2025-06-30 15:24:37.317][4737568][info][main] [source/server/server.cc:434]   envoy.http.stateful_session: envoy.http.stateful_session.cookie, envoy.http.stateful_session.header
[2025-06-30 15:24:37.317][4737568][info][main] [source/server/server.cc:434]   envoy.udp_packet_writer: envoy.udp_packet_writer.default
[2025-06-30 15:24:37.317][4737568][info][main] [source/server/server.cc:434]   envoy.tls.cert_validator: envoy.tls.cert_validator.default, envoy.tls.cert_validator.spiffe
[2025-06-30 15:24:37.317][4737568][info][main] [source/server/server.cc:434]   envoy.config.validators: envoy.config.validators.minimum_clusters, envoy.config.validators.minimum_clusters_validator
[2025-06-30 15:24:37.317][4737568][info][main] [source/server/server.cc:434]   envoy.quic.connection_id_generator: envoy.quic.deterministic_connection_id_generator
[2025-06-30 15:24:37.317][4737568][info][main] [source/server/server.cc:434]   envoy.quic.proof_source: envoy.quic.proof_source.filter_chain
[2025-06-30 15:24:37.317][4737568][info][main] [source/server/server.cc:434]   quic.http_server_connection: quic.http_server_connection.default
[2025-06-30 15:24:37.317][4737568][info][main] [source/server/server.cc:434]   envoy.http.injected_credentials: envoy.http.injected_credentials.generic, envoy.http.injected_credentials.oauth2
[2025-06-30 15:24:37.317][4737568][info][main] [source/server/server.cc:434]   envoy.srds_factory: envoy.srds_factory.default
[2025-06-30 15:24:37.317][4737568][info][main] [source/server/server.cc:434]   envoy.matching.network.input: envoy.matching.inputs.application_protocol, envoy.matching.inputs.destination_ip, envoy.matching.inputs.destination_port, envoy.matching.inputs.direct_source_ip, envoy.matching.inputs.dns_san, envoy.matching.inputs.filter_state, envoy.matching.inputs.server_name, envoy.matching.inputs.source_ip, envoy.matching.inputs.source_port, envoy.matching.inputs.source_type, envoy.matching.inputs.subject, envoy.matching.inputs.transport_protocol, envoy.matching.inputs.uri_san
[2025-06-30 15:24:37.317][4737568][info][main] [source/server/server.cc:434]   envoy.rbac.matchers: envoy.rbac.matchers.upstream_ip_port
[2025-06-30 15:24:37.317][4737568][info][main] [source/server/server.cc:434]   envoy.compression.decompressor: envoy.compression.brotli.decompressor, envoy.compression.gzip.decompressor, envoy.compression.zstd.decompressor
[2025-06-30 15:24:37.317][4737568][info][main] [source/server/server.cc:434]   envoy.string_matcher: envoy.string_matcher.lua
[2025-06-30 15:24:37.317][4737568][info][main] [source/server/server.cc:434]   envoy.generic_proxy.filters: envoy.filters.generic.router
[2025-06-30 15:24:37.317][4737568][info][main] [source/server/server.cc:434]   envoy.regex_engines: envoy.regex_engines.google_re2
[2025-06-30 15:24:37.317][4737568][info][main] [source/server/server.cc:434]   envoy.clusters: envoy.cluster.dns, envoy.cluster.eds, envoy.cluster.logical_dns, envoy.cluster.original_dst, envoy.cluster.static, envoy.cluster.strict_dns, envoy.clusters.aggregate, envoy.clusters.dynamic_forward_proxy, envoy.clusters.redis
[2025-06-30 15:24:37.317][4737568][info][main] [source/server/server.cc:434]   envoy.bootstrap: envoy.bootstrap.internal_listener, envoy.bootstrap.wasm, envoy.extensions.network.socket_interface.default_socket_interface
[2025-06-30 15:24:37.317][4737568][info][main] [source/server/server.cc:434]   envoy.health_checkers: envoy.health_checkers.grpc, envoy.health_checkers.http, envoy.health_checkers.redis, envoy.health_checkers.tcp, envoy.health_checkers.thrift
[2025-06-30 15:24:37.317][4737568][info][main] [source/server/server.cc:434]   envoy.dubbo_proxy.protocols: dubbo
[2025-06-30 15:24:37.317][4737568][info][main] [source/server/server.cc:434]   envoy.internal_redirect_predicates: envoy.internal_redirect_predicates.allow_listed_routes, envoy.internal_redirect_predicates.previous_routes, envoy.internal_redirect_predicates.safe_cross_scheme
[2025-06-30 15:24:37.317][4737568][info][main] [source/server/server.cc:434]   network.connection.client: default, envoy_internal
[2025-06-30 15:24:37.317][4737568][info][main] [source/server/server.cc:434]   envoy.filters.http: envoy.bandwidth_limit, envoy.buffer, envoy.cors, envoy.csrf, envoy.ext_authz, envoy.ext_proc, envoy.fault, envoy.filters.http.adaptive_concurrency, envoy.filters.http.admission_control, envoy.filters.http.alternate_protocols_cache, envoy.filters.http.api_key_auth, envoy.filters.http.aws_lambda, envoy.filters.http.aws_request_signing, envoy.filters.http.bandwidth_limit, envoy.filters.http.basic_auth, envoy.filters.http.buffer, envoy.filters.http.cache, envoy.filters.http.cdn_loop, envoy.filters.http.composite, envoy.filters.http.compressor, envoy.filters.http.connect_grpc_bridge, envoy.filters.http.cors, envoy.filters.http.credential_injector, envoy.filters.http.csrf, envoy.filters.http.custom_response, envoy.filters.http.decompressor, envoy.filters.http.dynamic_forward_proxy, envoy.filters.http.ext_authz, envoy.filters.http.ext_proc, envoy.filters.http.fault, envoy.filters.http.file_system_buffer, envoy.filters.http.gcp_authn, envoy.filters.http.geoip, envoy.filters.http.grpc_field_extraction, envoy.filters.http.grpc_http1_bridge, envoy.filters.http.grpc_http1_reverse_bridge, envoy.filters.http.grpc_json_reverse_transcoder, envoy.filters.http.grpc_json_transcoder, envoy.filters.http.grpc_stats, envoy.filters.http.grpc_web, envoy.filters.http.header_mutation, envoy.filters.http.header_to_metadata, envoy.filters.http.health_check, envoy.filters.http.ip_tagging, envoy.filters.http.json_to_metadata, envoy.filters.http.jwt_authn, envoy.filters.http.local_ratelimit, envoy.filters.http.lua, envoy.filters.http.match_delegate, envoy.filters.http.oauth2, envoy.filters.http.on_demand, envoy.filters.http.original_src, envoy.filters.http.proto_message_extraction, envoy.filters.http.rate_limit_quota, envoy.filters.http.ratelimit, envoy.filters.http.rbac, envoy.filters.http.router, envoy.filters.http.set_filter_state, envoy.filters.http.set_metadata, envoy.filters.http.stateful_session, envoy.filters.http.tap, envoy.filters.http.thrift_to_metadata, envoy.filters.http.wasm, envoy.geoip, envoy.grpc_http1_bridge, envoy.grpc_json_transcoder, envoy.grpc_web, envoy.health_check, envoy.ip_tagging, envoy.local_rate_limit, envoy.lua, envoy.rate_limit, envoy.router
[2025-06-30 15:24:37.317][4737568][info][main] [source/server/server.cc:434]   envoy.path.match: envoy.path.match.uri_template.uri_template_matcher
[2025-06-30 15:24:37.317][4737568][info][main] [source/server/server.cc:434]   envoy.rds_factory: envoy.rds_factory.default
[2025-06-30 15:24:37.317][4737568][info][main] [source/server/server.cc:434]   envoy.filters.udp_listener: envoy.filters.udp.dns_filter, envoy.filters.udp_listener.udp_proxy
[2025-06-30 15:24:37.317][4737568][info][main] [source/server/server.cc:434]   envoy.matching.network.custom_matchers: envoy.matching.custom_matchers.trie_matcher
[2025-06-30 15:24:37.317][4737568][info][main] [source/server/server.cc:434]   envoy.health_check.event_sinks: envoy.health_check.event_sink.file
[2025-06-30 15:24:37.317][4737568][info][main] [source/server/server.cc:434]   envoy.filters.http.upstream: envoy.buffer, envoy.ext_proc, envoy.filters.http.admission_control, envoy.filters.http.aws_lambda, envoy.filters.http.aws_request_signing, envoy.filters.http.buffer, envoy.filters.http.composite, envoy.filters.http.ext_proc, envoy.filters.http.header_mutation, envoy.filters.http.match_delegate, envoy.filters.http.upstream_codec, envoy.filters.http.wasm
[2025-06-30 15:24:37.317][4737568][info][main] [source/server/server.cc:434]   envoy.quic.server_preferred_address: quic.server_preferred_address.datasource, quic.server_preferred_address.fixed
[2025-06-30 15:24:37.317][4737568][info][main] [source/server/server.cc:434]   envoy.quic.server.crypto_stream: envoy.quic.crypto_stream.server.quiche
[2025-06-30 15:24:37.317][4737568][info][main] [source/server/server.cc:434]   envoy.wasm.runtime: envoy.wasm.runtime.null
[2025-06-30 15:24:37.317][4737568][info][main] [source/server/server.cc:434]   envoy.http.stateful_header_formatters: envoy.http.stateful_header_formatters.preserve_case, preserve_case
[2025-06-30 15:24:37.317][4737568][info][main] [source/server/server.cc:434]   envoy.quic.connection_debug_visitor: envoy.quic.connection_debug_visitor.basic, envoy.quic.connection_debug_visitor.quic_stats
[2025-06-30 15:24:37.317][4737568][info][main] [source/server/server.cc:434]   envoy.upstreams: envoy.filters.connection_pools.tcp.generic
[2025-06-30 15:24:37.317][4737568][info][main] [source/server/server.cc:434]   filter_state.object: envoy.filters.listener.original_dst.local_ip, envoy.filters.listener.original_dst.remote_ip, envoy.network.application_protocols, envoy.network.transport_socket.original_dst_address, envoy.network.upstream_server_name, envoy.network.upstream_subject_alt_names, envoy.ratelimit.hits_addend, envoy.string, envoy.tcp_proxy.cluster, envoy.tcp_proxy.disable_tunneling, envoy.tcp_proxy.per_connection_idle_timeout_ms, envoy.upstream.dynamic_host, envoy.upstream.dynamic_port
[2025-06-30 15:24:37.317][4737568][info][main] [source/server/server.cc:434]   envoy.matching.generic_proxy_request_input.input: envoy.matching.generic_proxy.input.host, envoy.matching.generic_proxy.input.method, envoy.matching.generic_proxy.input.path, envoy.matching.generic_proxy.input.property, envoy.matching.generic_proxy.input.request, envoy.matching.generic_proxy.input.service
[2025-06-30 15:24:37.317][4737568][info][main] [source/server/server.cc:434]   envoy.access_loggers: envoy.access_loggers.file, envoy.access_loggers.fluentd, envoy.access_loggers.http_grpc, envoy.access_loggers.open_telemetry, envoy.access_loggers.stderr, envoy.access_loggers.stdout, envoy.access_loggers.tcp_grpc, envoy.access_loggers.wasm, envoy.file_access_log, envoy.fluentd_access_log, envoy.http_grpc_access_log, envoy.open_telemetry_access_log, envoy.stderr_access_log, envoy.stdout_access_log, envoy.tcp_grpc_access_log, envoy.wasm_access_log
[2025-06-30 15:24:37.317][4737568][info][main] [source/server/server.cc:434]   envoy.tracers.opentelemetry.resource_detectors: envoy.tracers.opentelemetry.resource_detectors.dynatrace, envoy.tracers.opentelemetry.resource_detectors.environment, envoy.tracers.opentelemetry.resource_detectors.static_config
[2025-06-30 15:24:37.317][4737568][info][main] [source/server/server.cc:434]   envoy.matching.action: envoy.matching.actions.format_string, filter-chain-name
[2025-06-30 15:24:37.317][4737568][info][main] [source/server/server.cc:434]   envoy.rate_limit_descriptors: envoy.rate_limit_descriptors.expr
[2025-06-30 15:24:37.317][4737568][info][main] [source/server/server.cc:434]   envoy.transport_sockets.downstream: envoy.transport_sockets.alts, envoy.transport_sockets.quic, envoy.transport_sockets.raw_buffer, envoy.transport_sockets.starttls, envoy.transport_sockets.tap, envoy.transport_sockets.tcp_stats, envoy.transport_sockets.tls, raw_buffer, starttls, tls
[2025-06-30 15:24:37.317][4737568][info][main] [source/server/server.cc:434]   envoy.tracers.opentelemetry.samplers: envoy.tracers.opentelemetry.samplers.always_on, envoy.tracers.opentelemetry.samplers.dynatrace
[2025-06-30 15:24:37.317][4737568][info][main] [source/server/server.cc:434]   envoy.filters.network: envoy.echo, envoy.ext_authz, envoy.filters.network.connection_limit, envoy.filters.network.direct_response, envoy.filters.network.dubbo_proxy, envoy.filters.network.echo, envoy.filters.network.ext_authz, envoy.filters.network.generic_proxy, envoy.filters.network.http_connection_manager, envoy.filters.network.local_ratelimit, envoy.filters.network.mongo_proxy, envoy.filters.network.ratelimit, envoy.filters.network.rbac, envoy.filters.network.redis_proxy, envoy.filters.network.set_filter_state, envoy.filters.network.sni_cluster, envoy.filters.network.sni_dynamic_forward_proxy, envoy.filters.network.tcp_proxy, envoy.filters.network.thrift_proxy, envoy.filters.network.wasm, envoy.filters.network.zookeeper_proxy, envoy.http_connection_manager, envoy.mongo_proxy, envoy.ratelimit, envoy.redis_proxy, envoy.tcp_proxy
[2025-06-30 15:24:37.317][4737568][info][main] [source/server/server.cc:434]   envoy.upstream_options: envoy.extensions.upstreams.http.v3.HttpProtocolOptions, envoy.extensions.upstreams.tcp.v3.TcpProtocolOptions, envoy.upstreams.http.http_protocol_options, envoy.upstreams.tcp.tcp_protocol_options
[2025-06-30 15:24:37.317][4737568][info][main] [source/server/server.cc:434]   envoy.resolvers: envoy.ip
[2025-06-30 15:24:37.317][4737568][info][main] [source/server/server.cc:434]   envoy.path.rewrite: envoy.path.rewrite.uri_template.uri_template_rewriter
[2025-06-30 15:24:37.317][4737568][info][main] [source/server/server.cc:434]   envoy.retry_host_predicates: envoy.retry_host_predicates.omit_canary_hosts, envoy.retry_host_predicates.omit_host_metadata, envoy.retry_host_predicates.previous_hosts
[2025-06-30 15:24:37.317][4737568][info][main] [source/server/server.cc:434]   envoy.http.header_validators: envoy.http.header_validators.envoy_default
[2025-06-30 15:24:37.317][4737568][info][main] [source/server/server.cc:434]   envoy.geoip_providers: envoy.geoip_providers.maxmind
[2025-06-30 15:24:37.317][4737568][info][main] [source/server/server.cc:434]   envoy.dubbo_proxy.filters: envoy.filters.dubbo.router
[2025-06-30 15:24:37.317][4737568][info][main] [source/server/server.cc:434]   envoy.stats_sinks: envoy.dog_statsd, envoy.graphite_statsd, envoy.metrics_service, envoy.open_telemetry_stat_sink, envoy.stat_sinks.dog_statsd, envoy.stat_sinks.graphite_statsd, envoy.stat_sinks.hystrix, envoy.stat_sinks.metrics_service, envoy.stat_sinks.open_telemetry, envoy.stat_sinks.statsd, envoy.stat_sinks.wasm, envoy.statsd
[2025-06-30 15:24:37.317][4737568][info][main] [source/server/server.cc:434]   envoy.transport_sockets.upstream: envoy.transport_sockets.alts, envoy.transport_sockets.http_11_proxy, envoy.transport_sockets.internal_upstream, envoy.transport_sockets.quic, envoy.transport_sockets.raw_buffer, envoy.transport_sockets.starttls, envoy.transport_sockets.tap, envoy.transport_sockets.tcp_stats, envoy.transport_sockets.tls, envoy.transport_sockets.upstream_proxy_protocol, raw_buffer, starttls, tls
[2025-06-30 15:24:37.317][4737568][info][main] [source/server/server.cc:434]   envoy.built_in_formatters.generic_proxy: envoy.built_in_formatters.generic_poxy.default
[2025-06-30 15:24:37.317][4737568][info][main] [source/server/server.cc:434]   envoy.generic_proxy.access_loggers: envoy.generic_proxy.access_loggers.file
[2025-06-30 15:24:37.317][4737568][info][main] [source/server/server.cc:434]   envoy.grpc_credentials: envoy.grpc_credentials.aws_iam, envoy.grpc_credentials.default, envoy.grpc_credentials.file_based_metadata
[2025-06-30 15:24:37.317][4737568][info][main] [source/server/server.cc:434]   envoy.network.dns_resolver: envoy.network.dns_resolver.apple, envoy.network.dns_resolver.cares, envoy.network.dns_resolver.getaddrinfo
[2025-06-30 15:24:37.317][4737568][info][main] [source/server/server.cc:434]   envoy.request_id: envoy.request_id.uuid
[2025-06-30 15:24:37.317][4737568][info][main] [source/server/server.cc:434]   envoy.load_balancing_policies: envoy.load_balancing_policies.client_side_weighted_round_robin, envoy.load_balancing_policies.cluster_provided, envoy.load_balancing_policies.least_request, envoy.load_balancing_policies.maglev, envoy.load_balancing_policies.random, envoy.load_balancing_policies.ring_hash, envoy.load_balancing_policies.round_robin, envoy.load_balancing_policies.subset
[2025-06-30 15:24:37.317][4737568][info][main] [source/server/server.cc:434]   envoy.retry_priorities: envoy.retry_priorities.previous_priorities
[2025-06-30 15:24:37.317][4737568][info][main] [source/server/server.cc:434]   envoy.common.key_value: envoy.key_value.file_based
[2025-06-30 15:24:37.317][4737568][info][main] [source/server/server.cc:434]   envoy.built_in_formatters.http: envoy.built_in_formatters.http.default
[2025-06-30 15:24:37.317][4737568][info][main] [source/server/server.cc:434]   envoy.built_in_formatters.stream_info: envoy.built_in_formatters.stream_info.default
[2025-06-30 15:24:37.317][4737568][info][main] [source/server/server.cc:434]   envoy.http.original_ip_detection: envoy.http.original_ip_detection.custom_header, envoy.http.original_ip_detection.xff
[2025-06-30 15:24:37.317][4737568][info][main] [source/server/server.cc:434]   envoy.config_subscription: envoy.config_subscription.ads, envoy.config_subscription.ads_collection, envoy.config_subscription.aggregated_grpc_collection, envoy.config_subscription.delta_grpc, envoy.config_subscription.delta_grpc_collection, envoy.config_subscription.filesystem, envoy.config_subscription.filesystem_collection, envoy.config_subscription.grpc, envoy.config_subscription.rest
[2025-06-30 15:24:37.317][4737568][info][main] [source/server/server.cc:434]   envoy.route_config_update_requester: envoy.route_config_update_requester.default
[2025-06-30 15:24:37.317][4737568][info][main] [source/server/server.cc:434]   envoy.guarddog_actions: envoy.watchdog.abort_action, envoy.watchdog.profile_action
[2025-06-30 15:24:37.317][4737568][info][main] [source/server/server.cc:434]   envoy.thrift_proxy.transports: auto, framed, header, unframed
[2025-06-30 15:24:37.317][4737568][info][main] [source/server/server.cc:434]   envoy.route.early_data_policy: envoy.route.early_data_policy.default
[2025-06-30 15:24:37.317][4737568][info][main] [source/server/server.cc:434]   envoy.generic_proxy.codecs: envoy.generic_proxy.codecs.dubbo, envoy.generic_proxy.codecs.http1
[2025-06-30 15:24:37.317][4737568][info][main] [source/server/server.cc:434]   envoy.matching.http.custom_matchers: envoy.matching.custom_matchers.trie_matcher
[2025-06-30 15:24:37.317][4737568][info][main] [source/server/server.cc:434]   envoy.ssl.server_context_factory: envoy.ssl.server_context_factory.default
[2025-06-30 15:24:37.317][4737568][info][main] [source/server/server.cc:434]   envoy.http.cache: envoy.extensions.http.cache.file_system_http_cache, envoy.extensions.http.cache.simple
[2025-06-30 15:24:37.317][4737568][info][main] [source/server/server.cc:434]   envoy.access_loggers.extension_filters: envoy.access_loggers.extension_filters.cel
[2025-06-30 15:24:37.317][4737568][info][main] [source/server/server.cc:434]   envoy.matching.input_matchers: envoy.matching.input_matchers.generic_request_matcher, envoy.matching.matchers.cel_matcher, envoy.matching.matchers.consistent_hashing, envoy.matching.matchers.ip, envoy.matching.matchers.metadata_matcher, envoy.matching.matchers.runtime_fraction
[2025-06-30 15:24:37.317][4737568][info][main] [source/server/server.cc:434]   envoy.connection_handler: envoy.connection_handler.default
[2025-06-30 15:24:37.317][4737568][info][main] [source/server/server.cc:434]   envoy.tracers: envoy.tracers.datadog, envoy.tracers.opentelemetry, envoy.tracers.skywalking, envoy.tracers.xray, envoy.tracers.zipkin, envoy.zipkin
[2025-06-30 15:24:37.317][4737568][info][main] [source/server/server.cc:434]   envoy.resource_monitors: envoy.resource_monitors.cpu_utilization, envoy.resource_monitors.fixed_heap, envoy.resource_monitors.injected_resource
[2025-06-30 15:24:37.317][4737568][info][main] [source/server/server.cc:434]   envoy.http.early_header_mutation: envoy.http.early_header_mutation.header_mutation
[2025-06-30 15:24:37.317][4737568][info][main] [source/server/server.cc:434]   envoy.dubbo_proxy.serializers: dubbo.hessian2
[2025-06-30 15:24:37.317][4737568][info][main] [source/server/server.cc:434]   envoy.listener_manager_impl: envoy.listener_manager_impl.default, envoy.listener_manager_impl.validation
[2025-06-30 15:24:37.317][4737568][info][main] [source/server/server.cc:434]   envoy.http.custom_response: envoy.extensions.http.custom_response.local_response_policy, envoy.extensions.http.custom_response.redirect_policy
[2025-06-30 15:24:37.317][4737568][info][main] [source/server/server.cc:434]   envoy.matching.common_inputs: envoy.matching.common_inputs.environment_variable
[2025-06-30 15:24:37.317][4737568][info][main] [source/server/server.cc:434]   envoy.compression.compressor: envoy.compression.brotli.compressor, envoy.compression.gzip.compressor, envoy.compression.zstd.compressor
[2025-06-30 15:24:37.317][4737568][info][main] [source/server/server.cc:434]   envoy.matching.http.input: envoy.matching.inputs.cel_data_input, envoy.matching.inputs.destination_ip, envoy.matching.inputs.destination_port, envoy.matching.inputs.direct_source_ip, envoy.matching.inputs.dns_san, envoy.matching.inputs.dynamic_metadata, envoy.matching.inputs.filter_state, envoy.matching.inputs.request_headers, envoy.matching.inputs.request_trailers, envoy.matching.inputs.response_headers, envoy.matching.inputs.response_trailers, envoy.matching.inputs.server_name, envoy.matching.inputs.source_ip, envoy.matching.inputs.source_port, envoy.matching.inputs.source_type, envoy.matching.inputs.status_code_class_input, envoy.matching.inputs.status_code_input, envoy.matching.inputs.subject, envoy.matching.inputs.uri_san, query_params
[2025-06-30 15:24:37.317][4737568][info][main] [source/server/server.cc:434]   envoy.thrift_proxy.filters: envoy.filters.thrift.header_to_metadata, envoy.filters.thrift.payload_to_metadata, envoy.filters.thrift.rate_limit, envoy.filters.thrift.router
[2025-06-30 15:24:37.317][4737568][info][main] [source/server/server.cc:434]   envoy.formatter: envoy.formatter.cel, envoy.formatter.metadata, envoy.formatter.req_without_query
[2025-06-30 15:24:37.317][4737568][info][main] [source/server/server.cc:434]   envoy.thrift_proxy.protocols: auto, binary, binary/non-strict, compact, twitter
[2025-06-30 15:24:37.317][4737568][info][main] [source/server/server.cc:434]   envoy.router.cluster_specifier_plugin: envoy.router.cluster_specifier_plugin.lua
[2025-06-30 15:24:37.317][4737568][info][main] [source/server/server.cc:434]   envoy.filters.listener: envoy.filters.listener.http_inspector, envoy.filters.listener.local_ratelimit, envoy.filters.listener.original_dst, envoy.filters.listener.original_src, envoy.filters.listener.proxy_protocol, envoy.filters.listener.tls_inspector, envoy.listener.http_inspector, envoy.listener.original_dst, envoy.listener.original_src, envoy.listener.proxy_protocol, envoy.listener.tls_inspector
[2025-06-30 15:24:37.324][4737568][info][main] [source/server/server.cc:494] HTTP header map info:
[2025-06-30 15:24:37.324][4737568][info][main] [source/server/server.cc:497]   request header map: 656 bytes: :authority,:method,:path,:protocol,:scheme,accept,accept-encoding,access-control-request-headers,access-control-request-method,access-control-request-private-network,authentication,authorization,cache-control,cdn-loop,connection,content-encoding,content-length,content-type,expect,grpc-accept-encoding,grpc-timeout,if-match,if-modified-since,if-none-match,if-range,if-unmodified-since,keep-alive,origin,pragma,proxy-connection,proxy-status,referer,te,transfer-encoding,upgrade,user-agent,via,x-client-trace-id,x-envoy-attempt-count,x-envoy-decorator-operation,x-envoy-downstream-service-cluster,x-envoy-downstream-service-node,x-envoy-expected-rq-timeout-ms,x-envoy-external-address,x-envoy-force-trace,x-envoy-hedge-on-per-try-timeout,x-envoy-internal,x-envoy-ip-tags,x-envoy-is-timeout-retry,x-envoy-max-retries,x-envoy-original-path,x-envoy-original-url,x-envoy-retriable-header-names,x-envoy-retriable-status-codes,x-envoy-retry-grpc-on,x-envoy-retry-on,x-envoy-upstream-alt-stat-name,x-envoy-upstream-rq-per-try-timeout-ms,x-envoy-upstream-rq-timeout-alt-response,x-envoy-upstream-rq-timeout-ms,x-envoy-upstream-stream-duration-ms,x-forwarded-client-cert,x-forwarded-for,x-forwarded-host,x-forwarded-port,x-forwarded-proto,x-request-id
[2025-06-30 15:24:37.324][4737568][info][main] [source/server/server.cc:497]   request trailer map: 120 bytes: 
[2025-06-30 15:24:37.324][4737568][info][main] [source/server/server.cc:497]   response header map: 432 bytes: :status,access-control-allow-credentials,access-control-allow-headers,access-control-allow-methods,access-control-allow-origin,access-control-allow-private-network,access-control-expose-headers,access-control-max-age,age,cache-control,connection,content-encoding,content-length,content-type,date,etag,expires,grpc-message,grpc-status,keep-alive,last-modified,location,proxy-connection,proxy-status,server,transfer-encoding,upgrade,vary,via,x-envoy-attempt-count,x-envoy-decorator-operation,x-envoy-degraded,x-envoy-immediate-health-check-fail,x-envoy-ratelimited,x-envoy-upstream-canary,x-envoy-upstream-healthchecked-cluster,x-envoy-upstream-service-time,x-request-id
[2025-06-30 15:24:37.324][4737568][info][main] [source/server/server.cc:497]   response trailer map: 144 bytes: grpc-message,grpc-status
[2025-06-30 15:24:37.330][4737568][info][main] [source/server/server.cc:890] runtime: {}
[2025-06-30 15:24:37.330][4737568][info][main] [source/server/server.cc:728] Starting admin HTTP server at 127.0.0.1:9902
[2025-06-30 15:24:37.330][4737568][info][admin] [source/server/admin/admin.cc:65] admin address: 127.0.0.1:9902
[2025-06-30 15:24:37.330][4737568][info][config] [source/server/configuration_impl.cc:173] loading tracing configuration
[2025-06-30 15:24:37.330][4737568][info][config] [source/server/configuration_impl.cc:124] loading 0 static secret(s)
[2025-06-30 15:24:37.330][4737568][info][config] [source/server/configuration_impl.cc:130] loading 2 cluster(s)
[2025-06-30 15:24:37.334][4737568][info][config] [source/server/configuration_impl.cc:140] loading 1 listener(s)
[2025-06-30 15:24:37.334][4737568][warning][config] [source/common/listener_manager/listener_impl.cc:1121] reuse_port was configured for TCP listener 'listener_0' and is being force disabled because Envoy is not running on Linux. See the documentation for more information.
[2025-06-30 15:24:37.339][4737568][critical][main] [source/server/server.cc:416] error initializing config ' admin:
  address:
    socket_address:
      address: 127.0.0.1
      port_value: 9902 envoy-demo.yaml': Only a single wildcard domain is permitted in route local_route
[2025-06-30 15:24:37.339][4737568][info][main] [source/server/server.cc:1061] exiting
[2025-06-30 15:28:17.299][4742061][info][main] [source/server/server.cc:430] initializing epoch 0 (base id=0, hot restart version=disabled)
[2025-06-30 15:28:17.300][4742061][info][main] [source/server/server.cc:432] statically linked extensions:
[2025-06-30 15:28:17.300][4742061][info][main] [source/server/server.cc:434]   envoy.dubbo_proxy.serializers: dubbo.hessian2
[2025-06-30 15:28:17.300][4742061][info][main] [source/server/server.cc:434]   envoy.matching.input_matchers: envoy.matching.input_matchers.generic_request_matcher, envoy.matching.matchers.cel_matcher, envoy.matching.matchers.consistent_hashing, envoy.matching.matchers.ip, envoy.matching.matchers.metadata_matcher, envoy.matching.matchers.runtime_fraction
[2025-06-30 15:28:17.300][4742061][info][main] [source/server/server.cc:434]   envoy.wasm.runtime: envoy.wasm.runtime.null
[2025-06-30 15:28:17.300][4742061][info][main] [source/server/server.cc:434]   envoy.load_balancing_policies: envoy.load_balancing_policies.client_side_weighted_round_robin, envoy.load_balancing_policies.cluster_provided, envoy.load_balancing_policies.least_request, envoy.load_balancing_policies.maglev, envoy.load_balancing_policies.random, envoy.load_balancing_policies.ring_hash, envoy.load_balancing_policies.round_robin, envoy.load_balancing_policies.subset
[2025-06-30 15:28:17.300][4742061][info][main] [source/server/server.cc:434]   envoy.filters.udp_listener: envoy.filters.udp.dns_filter, envoy.filters.udp_listener.udp_proxy
[2025-06-30 15:28:17.300][4742061][info][main] [source/server/server.cc:434]   envoy.matching.common_inputs: envoy.matching.common_inputs.environment_variable
[2025-06-30 15:28:17.300][4742061][info][main] [source/server/server.cc:434]   envoy.quic.connection_debug_visitor: envoy.quic.connection_debug_visitor.basic, envoy.quic.connection_debug_visitor.quic_stats
[2025-06-30 15:28:17.300][4742061][info][main] [source/server/server.cc:434]   envoy.quic.server_preferred_address: quic.server_preferred_address.datasource, quic.server_preferred_address.fixed
[2025-06-30 15:28:17.300][4742061][info][main] [source/server/server.cc:434]   envoy.formatter: envoy.formatter.cel, envoy.formatter.metadata, envoy.formatter.req_without_query
[2025-06-30 15:28:17.300][4742061][info][main] [source/server/server.cc:434]   envoy.clusters: envoy.cluster.dns, envoy.cluster.eds, envoy.cluster.logical_dns, envoy.cluster.original_dst, envoy.cluster.static, envoy.cluster.strict_dns, envoy.clusters.aggregate, envoy.clusters.dynamic_forward_proxy, envoy.clusters.redis
[2025-06-30 15:28:17.300][4742061][info][main] [source/server/server.cc:434]   envoy.http.early_header_mutation: envoy.http.early_header_mutation.header_mutation
[2025-06-30 15:28:17.300][4742061][info][main] [source/server/server.cc:434]   envoy.connection_handler: envoy.connection_handler.default
[2025-06-30 15:28:17.300][4742061][info][main] [source/server/server.cc:434]   envoy.quic.connection_id_generator: envoy.quic.deterministic_connection_id_generator
[2025-06-30 15:28:17.300][4742061][info][main] [source/server/server.cc:434]   envoy.built_in_formatters.stream_info: envoy.built_in_formatters.stream_info.default
[2025-06-30 15:28:17.300][4742061][info][main] [source/server/server.cc:434]   envoy.path.match: envoy.path.match.uri_template.uri_template_matcher
[2025-06-30 15:28:17.300][4742061][info][main] [source/server/server.cc:434]   envoy.regex_engines: envoy.regex_engines.google_re2
[2025-06-30 15:28:17.300][4742061][info][main] [source/server/server.cc:434]   envoy.listener_manager_impl: envoy.listener_manager_impl.default, envoy.listener_manager_impl.validation
[2025-06-30 15:28:17.300][4742061][info][main] [source/server/server.cc:434]   envoy.matching.http.custom_matchers: envoy.matching.custom_matchers.trie_matcher
[2025-06-30 15:28:17.300][4742061][info][main] [source/server/server.cc:434]   envoy.access_loggers: envoy.access_loggers.file, envoy.access_loggers.fluentd, envoy.access_loggers.http_grpc, envoy.access_loggers.open_telemetry, envoy.access_loggers.stderr, envoy.access_loggers.stdout, envoy.access_loggers.tcp_grpc, envoy.access_loggers.wasm, envoy.file_access_log, envoy.fluentd_access_log, envoy.http_grpc_access_log, envoy.open_telemetry_access_log, envoy.stderr_access_log, envoy.stdout_access_log, envoy.tcp_grpc_access_log, envoy.wasm_access_log
[2025-06-30 15:28:17.300][4742061][info][main] [source/server/server.cc:434]   envoy.generic_proxy.filters: envoy.filters.generic.router
[2025-06-30 15:28:17.300][4742061][info][main] [source/server/server.cc:434]   envoy.transport_sockets.downstream: envoy.transport_sockets.alts, envoy.transport_sockets.quic, envoy.transport_sockets.raw_buffer, envoy.transport_sockets.starttls, envoy.transport_sockets.tap, envoy.transport_sockets.tcp_stats, envoy.transport_sockets.tls, raw_buffer, starttls, tls
[2025-06-30 15:28:17.300][4742061][info][main] [source/server/server.cc:434]   envoy.http.stateful_header_formatters: envoy.http.stateful_header_formatters.preserve_case, preserve_case
[2025-06-30 15:28:17.300][4742061][info][main] [source/server/server.cc:434]   envoy.route_config_update_requester: envoy.route_config_update_requester.default
[2025-06-30 15:28:17.300][4742061][info][main] [source/server/server.cc:434]   envoy.bootstrap: envoy.bootstrap.internal_listener, envoy.bootstrap.wasm, envoy.extensions.network.socket_interface.default_socket_interface
[2025-06-30 15:28:17.300][4742061][info][main] [source/server/server.cc:434]   envoy.ssl.server_context_factory: envoy.ssl.server_context_factory.default
[2025-06-30 15:28:17.300][4742061][info][main] [source/server/server.cc:434]   envoy.grpc_credentials: envoy.grpc_credentials.aws_iam, envoy.grpc_credentials.default, envoy.grpc_credentials.file_based_metadata
[2025-06-30 15:28:17.300][4742061][info][main] [source/server/server.cc:434]   envoy.http.header_validators: envoy.http.header_validators.envoy_default
[2025-06-30 15:28:17.300][4742061][info][main] [source/server/server.cc:434]   envoy.resolvers: envoy.ip
[2025-06-30 15:28:17.300][4742061][info][main] [source/server/server.cc:434]   envoy.config_subscription: envoy.config_subscription.ads, envoy.config_subscription.ads_collection, envoy.config_subscription.aggregated_grpc_collection, envoy.config_subscription.delta_grpc, envoy.config_subscription.delta_grpc_collection, envoy.config_subscription.filesystem, envoy.config_subscription.filesystem_collection, envoy.config_subscription.grpc, envoy.config_subscription.rest
[2025-06-30 15:28:17.300][4742061][info][main] [source/server/server.cc:434]   envoy.health_check.event_sinks: envoy.health_check.event_sink.file
[2025-06-30 15:28:17.300][4742061][info][main] [source/server/server.cc:434]   envoy.config.validators: envoy.config.validators.minimum_clusters, envoy.config.validators.minimum_clusters_validator
[2025-06-30 15:28:17.300][4742061][info][main] [source/server/server.cc:434]   envoy.transport_sockets.upstream: envoy.transport_sockets.alts, envoy.transport_sockets.http_11_proxy, envoy.transport_sockets.internal_upstream, envoy.transport_sockets.quic, envoy.transport_sockets.raw_buffer, envoy.transport_sockets.starttls, envoy.transport_sockets.tap, envoy.transport_sockets.tcp_stats, envoy.transport_sockets.tls, envoy.transport_sockets.upstream_proxy_protocol, raw_buffer, starttls, tls
[2025-06-30 15:28:17.300][4742061][info][main] [source/server/server.cc:434]   envoy.filters.http.upstream: envoy.buffer, envoy.ext_proc, envoy.filters.http.admission_control, envoy.filters.http.aws_lambda, envoy.filters.http.aws_request_signing, envoy.filters.http.buffer, envoy.filters.http.composite, envoy.filters.http.ext_proc, envoy.filters.http.header_mutation, envoy.filters.http.match_delegate, envoy.filters.http.upstream_codec, envoy.filters.http.wasm
[2025-06-30 15:28:17.300][4742061][info][main] [source/server/server.cc:434]   envoy.guarddog_actions: envoy.watchdog.abort_action, envoy.watchdog.profile_action
[2025-06-30 15:28:17.300][4742061][info][main] [source/server/server.cc:434]   envoy.filters.listener: envoy.filters.listener.http_inspector, envoy.filters.listener.local_ratelimit, envoy.filters.listener.original_dst, envoy.filters.listener.original_src, envoy.filters.listener.proxy_protocol, envoy.filters.listener.tls_inspector, envoy.listener.http_inspector, envoy.listener.original_dst, envoy.listener.original_src, envoy.listener.proxy_protocol, envoy.listener.tls_inspector
[2025-06-30 15:28:17.300][4742061][info][main] [source/server/server.cc:434]   envoy.tls.cert_validator: envoy.tls.cert_validator.default, envoy.tls.cert_validator.spiffe
[2025-06-30 15:28:17.300][4742061][info][main] [source/server/server.cc:434]   envoy.geoip_providers: envoy.geoip_providers.maxmind
[2025-06-30 15:28:17.300][4742061][info][main] [source/server/server.cc:434]   envoy.upstream_options: envoy.extensions.upstreams.http.v3.HttpProtocolOptions, envoy.extensions.upstreams.tcp.v3.TcpProtocolOptions, envoy.upstreams.http.http_protocol_options, envoy.upstreams.tcp.tcp_protocol_options
[2025-06-30 15:28:17.300][4742061][info][main] [source/server/server.cc:434]   envoy.rate_limit_descriptors: envoy.rate_limit_descriptors.expr
[2025-06-30 15:28:17.300][4742061][info][main] [source/server/server.cc:434]   envoy.built_in_formatters.generic_proxy: envoy.built_in_formatters.generic_poxy.default
[2025-06-30 15:28:17.300][4742061][info][main] [source/server/server.cc:434]   envoy.tracers.opentelemetry.resource_detectors: envoy.tracers.opentelemetry.resource_detectors.dynatrace, envoy.tracers.opentelemetry.resource_detectors.environment, envoy.tracers.opentelemetry.resource_detectors.static_config
[2025-06-30 15:28:17.300][4742061][info][main] [source/server/server.cc:434]   envoy.tracers: envoy.tracers.datadog, envoy.tracers.opentelemetry, envoy.tracers.skywalking, envoy.tracers.xray, envoy.tracers.zipkin, envoy.zipkin
[2025-06-30 15:28:17.300][4742061][info][main] [source/server/server.cc:434]   envoy.matching.http.input: envoy.matching.inputs.cel_data_input, envoy.matching.inputs.destination_ip, envoy.matching.inputs.destination_port, envoy.matching.inputs.direct_source_ip, envoy.matching.inputs.dns_san, envoy.matching.inputs.dynamic_metadata, envoy.matching.inputs.filter_state, envoy.matching.inputs.request_headers, envoy.matching.inputs.request_trailers, envoy.matching.inputs.response_headers, envoy.matching.inputs.response_trailers, envoy.matching.inputs.server_name, envoy.matching.inputs.source_ip, envoy.matching.inputs.source_port, envoy.matching.inputs.source_type, envoy.matching.inputs.status_code_class_input, envoy.matching.inputs.status_code_input, envoy.matching.inputs.subject, envoy.matching.inputs.uri_san, query_params
[2025-06-30 15:28:17.300][4742061][info][main] [source/server/server.cc:434]   envoy.resource_monitors: envoy.resource_monitors.cpu_utilization, envoy.resource_monitors.fixed_heap, envoy.resource_monitors.injected_resource
[2025-06-30 15:28:17.300][4742061][info][main] [source/server/server.cc:434]   envoy.udp_packet_writer: envoy.udp_packet_writer.default
[2025-06-30 15:28:17.300][4742061][info][main] [source/server/server.cc:434]   envoy.stats_sinks: envoy.dog_statsd, envoy.graphite_statsd, envoy.metrics_service, envoy.open_telemetry_stat_sink, envoy.stat_sinks.dog_statsd, envoy.stat_sinks.graphite_statsd, envoy.stat_sinks.hystrix, envoy.stat_sinks.metrics_service, envoy.stat_sinks.open_telemetry, envoy.stat_sinks.statsd, envoy.stat_sinks.wasm, envoy.statsd
[2025-06-30 15:28:17.300][4742061][info][main] [source/server/server.cc:434]   envoy.internal_redirect_predicates: envoy.internal_redirect_predicates.allow_listed_routes, envoy.internal_redirect_predicates.previous_routes, envoy.internal_redirect_predicates.safe_cross_scheme
[2025-06-30 15:28:17.300][4742061][info][main] [source/server/server.cc:434]   envoy.http.custom_response: envoy.extensions.http.custom_response.local_response_policy, envoy.extensions.http.custom_response.redirect_policy
[2025-06-30 15:28:17.300][4742061][info][main] [source/server/server.cc:434]   envoy.matching.action: envoy.matching.actions.format_string, filter-chain-name
[2025-06-30 15:28:17.300][4742061][info][main] [source/server/server.cc:434]   envoy.http.stateful_session: envoy.http.stateful_session.cookie, envoy.http.stateful_session.header
[2025-06-30 15:28:17.300][4742061][info][main] [source/server/server.cc:434]   envoy.network.dns_resolver: envoy.network.dns_resolver.apple, envoy.network.dns_resolver.cares, envoy.network.dns_resolver.getaddrinfo
[2025-06-30 15:28:17.300][4742061][info][main] [source/server/server.cc:434]   envoy.compression.decompressor: envoy.compression.brotli.decompressor, envoy.compression.gzip.decompressor, envoy.compression.zstd.decompressor
[2025-06-30 15:28:17.300][4742061][info][main] [source/server/server.cc:434]   envoy.matching.network.input: envoy.matching.inputs.application_protocol, envoy.matching.inputs.destination_ip, envoy.matching.inputs.destination_port, envoy.matching.inputs.direct_source_ip, envoy.matching.inputs.dns_san, envoy.matching.inputs.filter_state, envoy.matching.inputs.server_name, envoy.matching.inputs.source_ip, envoy.matching.inputs.source_port, envoy.matching.inputs.source_type, envoy.matching.inputs.subject, envoy.matching.inputs.transport_protocol, envoy.matching.inputs.uri_san
[2025-06-30 15:28:17.300][4742061][info][main] [source/server/server.cc:434]   envoy.thrift_proxy.filters: envoy.filters.thrift.header_to_metadata, envoy.filters.thrift.payload_to_metadata, envoy.filters.thrift.rate_limit, envoy.filters.thrift.router
[2025-06-30 15:28:17.300][4742061][info][main] [source/server/server.cc:434]   envoy.matching.generic_proxy_request_input.input: envoy.matching.generic_proxy.input.host, envoy.matching.generic_proxy.input.method, envoy.matching.generic_proxy.input.path, envoy.matching.generic_proxy.input.property, envoy.matching.generic_proxy.input.request, envoy.matching.generic_proxy.input.service
[2025-06-30 15:28:17.300][4742061][info][main] [source/server/server.cc:434]   envoy.thrift_proxy.protocols: auto, binary, binary/non-strict, compact, twitter
[2025-06-30 15:28:17.300][4742061][info][main] [source/server/server.cc:434]   envoy.http.original_ip_detection: envoy.http.original_ip_detection.custom_header, envoy.http.original_ip_detection.xff
[2025-06-30 15:28:17.300][4742061][info][main] [source/server/server.cc:434]   envoy.retry_host_predicates: envoy.retry_host_predicates.omit_canary_hosts, envoy.retry_host_predicates.omit_host_metadata, envoy.retry_host_predicates.previous_hosts
[2025-06-30 15:28:17.300][4742061][info][main] [source/server/server.cc:434]   envoy.upstreams: envoy.filters.connection_pools.tcp.generic
[2025-06-30 15:28:17.300][4742061][info][main] [source/server/server.cc:434]   filter_state.object: envoy.filters.listener.original_dst.local_ip, envoy.filters.listener.original_dst.remote_ip, envoy.network.application_protocols, envoy.network.transport_socket.original_dst_address, envoy.network.upstream_server_name, envoy.network.upstream_subject_alt_names, envoy.ratelimit.hits_addend, envoy.string, envoy.tcp_proxy.cluster, envoy.tcp_proxy.disable_tunneling, envoy.tcp_proxy.per_connection_idle_timeout_ms, envoy.upstream.dynamic_host, envoy.upstream.dynamic_port
[2025-06-30 15:28:17.300][4742061][info][main] [source/server/server.cc:434]   envoy.http.injected_credentials: envoy.http.injected_credentials.generic, envoy.http.injected_credentials.oauth2
[2025-06-30 15:28:17.300][4742061][info][main] [source/server/server.cc:434]   envoy.built_in_formatters.http: envoy.built_in_formatters.http.default
[2025-06-30 15:28:17.300][4742061][info][main] [source/server/server.cc:434]   envoy.filters.http: envoy.bandwidth_limit, envoy.buffer, envoy.cors, envoy.csrf, envoy.ext_authz, envoy.ext_proc, envoy.fault, envoy.filters.http.adaptive_concurrency, envoy.filters.http.admission_control, envoy.filters.http.alternate_protocols_cache, envoy.filters.http.api_key_auth, envoy.filters.http.aws_lambda, envoy.filters.http.aws_request_signing, envoy.filters.http.bandwidth_limit, envoy.filters.http.basic_auth, envoy.filters.http.buffer, envoy.filters.http.cache, envoy.filters.http.cdn_loop, envoy.filters.http.composite, envoy.filters.http.compressor, envoy.filters.http.connect_grpc_bridge, envoy.filters.http.cors, envoy.filters.http.credential_injector, envoy.filters.http.csrf, envoy.filters.http.custom_response, envoy.filters.http.decompressor, envoy.filters.http.dynamic_forward_proxy, envoy.filters.http.ext_authz, envoy.filters.http.ext_proc, envoy.filters.http.fault, envoy.filters.http.file_system_buffer, envoy.filters.http.gcp_authn, envoy.filters.http.geoip, envoy.filters.http.grpc_field_extraction, envoy.filters.http.grpc_http1_bridge, envoy.filters.http.grpc_http1_reverse_bridge, envoy.filters.http.grpc_json_reverse_transcoder, envoy.filters.http.grpc_json_transcoder, envoy.filters.http.grpc_stats, envoy.filters.http.grpc_web, envoy.filters.http.header_mutation, envoy.filters.http.header_to_metadata, envoy.filters.http.health_check, envoy.filters.http.ip_tagging, envoy.filters.http.json_to_metadata, envoy.filters.http.jwt_authn, envoy.filters.http.local_ratelimit, envoy.filters.http.lua, envoy.filters.http.match_delegate, envoy.filters.http.oauth2, envoy.filters.http.on_demand, envoy.filters.http.original_src, envoy.filters.http.proto_message_extraction, envoy.filters.http.rate_limit_quota, envoy.filters.http.ratelimit, envoy.filters.http.rbac, envoy.filters.http.router, envoy.filters.http.set_filter_state, envoy.filters.http.set_metadata, envoy.filters.http.stateful_session, envoy.filters.http.tap, envoy.filters.http.thrift_to_metadata, envoy.filters.http.wasm, envoy.geoip, envoy.grpc_http1_bridge, envoy.grpc_json_transcoder, envoy.grpc_web, envoy.health_check, envoy.ip_tagging, envoy.local_rate_limit, envoy.lua, envoy.rate_limit, envoy.router
[2025-06-30 15:28:17.300][4742061][info][main] [source/server/server.cc:434]   envoy.thrift_proxy.transports: auto, framed, header, unframed
[2025-06-30 15:28:17.300][4742061][info][main] [source/server/server.cc:434]   envoy.route.early_data_policy: envoy.route.early_data_policy.default
[2025-06-30 15:28:17.300][4742061][info][main] [source/server/server.cc:434]   envoy.health_checkers: envoy.health_checkers.grpc, envoy.health_checkers.http, envoy.health_checkers.redis, envoy.health_checkers.tcp, envoy.health_checkers.thrift
[2025-06-30 15:28:17.300][4742061][info][main] [source/server/server.cc:434]   envoy.generic_proxy.codecs: envoy.generic_proxy.codecs.dubbo, envoy.generic_proxy.codecs.http1
[2025-06-30 15:28:17.300][4742061][info][main] [source/server/server.cc:434]   envoy.rds_factory: envoy.rds_factory.default
[2025-06-30 15:28:17.300][4742061][info][main] [source/server/server.cc:434]   envoy.router.cluster_specifier_plugin: envoy.router.cluster_specifier_plugin.lua
[2025-06-30 15:28:17.300][4742061][info][main] [source/server/server.cc:434]   envoy.filters.udp.session: envoy.filters.udp.session.dynamic_forward_proxy, envoy.filters.udp.session.http_capsule
[2025-06-30 15:28:17.300][4742061][info][main] [source/server/server.cc:434]   envoy.quic.proof_source: envoy.quic.proof_source.filter_chain
[2025-06-30 15:28:17.300][4742061][info][main] [source/server/server.cc:434]   envoy.quic.server.crypto_stream: envoy.quic.crypto_stream.server.quiche
[2025-06-30 15:28:17.300][4742061][info][main] [source/server/server.cc:434]   envoy.rbac.matchers: envoy.rbac.matchers.upstream_ip_port
[2025-06-30 15:28:17.300][4742061][info][main] [source/server/server.cc:434]   envoy.dubbo_proxy.protocols: dubbo
[2025-06-30 15:28:17.300][4742061][info][main] [source/server/server.cc:434]   envoy.request_id: envoy.request_id.uuid
[2025-06-30 15:28:17.300][4742061][info][main] [source/server/server.cc:434]   envoy.matching.network.custom_matchers: envoy.matching.custom_matchers.trie_matcher
[2025-06-30 15:28:17.300][4742061][info][main] [source/server/server.cc:434]   envoy.retry_priorities: envoy.retry_priorities.previous_priorities
[2025-06-30 15:28:17.300][4742061][info][main] [source/server/server.cc:434]   envoy.access_loggers.extension_filters: envoy.access_loggers.extension_filters.cel
[2025-06-30 15:28:17.300][4742061][info][main] [source/server/server.cc:434]   envoy.http.cache: envoy.extensions.http.cache.file_system_http_cache, envoy.extensions.http.cache.simple
[2025-06-30 15:28:17.300][4742061][info][main] [source/server/server.cc:434]   envoy.generic_proxy.access_loggers: envoy.generic_proxy.access_loggers.file
[2025-06-30 15:28:17.300][4742061][info][main] [source/server/server.cc:434]   envoy.tracers.opentelemetry.samplers: envoy.tracers.opentelemetry.samplers.always_on, envoy.tracers.opentelemetry.samplers.dynatrace
[2025-06-30 15:28:17.300][4742061][info][main] [source/server/server.cc:434]   envoy.string_matcher: envoy.string_matcher.lua
[2025-06-30 15:28:17.300][4742061][info][main] [source/server/server.cc:434]   envoy.config_mux: envoy.config_mux.delta_grpc_mux_factory, envoy.config_mux.grpc_mux_factory, envoy.config_mux.new_grpc_mux_factory, envoy.config_mux.sotw_grpc_mux_factory
[2025-06-30 15:28:17.300][4742061][info][main] [source/server/server.cc:434]   envoy.upstream.local_address_selector: envoy.upstream.local_address_selector.default_local_address_selector
[2025-06-30 15:28:17.300][4742061][info][main] [source/server/server.cc:434]   quic.http_server_connection: quic.http_server_connection.default
[2025-06-30 15:28:17.300][4742061][info][main] [source/server/server.cc:434]   envoy.compression.compressor: envoy.compression.brotli.compressor, envoy.compression.gzip.compressor, envoy.compression.zstd.compressor
[2025-06-30 15:28:17.300][4742061][info][main] [source/server/server.cc:434]   envoy.path.rewrite: envoy.path.rewrite.uri_template.uri_template_rewriter
[2025-06-30 15:28:17.300][4742061][info][main] [source/server/server.cc:434]   envoy.dubbo_proxy.filters: envoy.filters.dubbo.router
[2025-06-30 15:28:17.300][4742061][info][main] [source/server/server.cc:434]   network.connection.client: default, envoy_internal
[2025-06-30 15:28:17.300][4742061][info][main] [source/server/server.cc:434]   envoy.filters.network: envoy.echo, envoy.ext_authz, envoy.filters.network.connection_limit, envoy.filters.network.direct_response, envoy.filters.network.dubbo_proxy, envoy.filters.network.echo, envoy.filters.network.ext_authz, envoy.filters.network.generic_proxy, envoy.filters.network.http_connection_manager, envoy.filters.network.local_ratelimit, envoy.filters.network.mongo_proxy, envoy.filters.network.ratelimit, envoy.filters.network.rbac, envoy.filters.network.redis_proxy, envoy.filters.network.set_filter_state, envoy.filters.network.sni_cluster, envoy.filters.network.sni_dynamic_forward_proxy, envoy.filters.network.tcp_proxy, envoy.filters.network.thrift_proxy, envoy.filters.network.wasm, envoy.filters.network.zookeeper_proxy, envoy.http_connection_manager, envoy.mongo_proxy, envoy.ratelimit, envoy.redis_proxy, envoy.tcp_proxy
[2025-06-30 15:28:17.300][4742061][info][main] [source/server/server.cc:434]   envoy.common.key_value: envoy.key_value.file_based
[2025-06-30 15:28:17.300][4742061][info][main] [source/server/server.cc:434]   envoy.srds_factory: envoy.srds_factory.default
[2025-06-30 15:28:17.308][4742061][info][main] [source/server/server.cc:494] HTTP header map info:
[2025-06-30 15:28:17.311][4742061][info][main] [source/server/server.cc:497]   request header map: 656 bytes: :authority,:method,:path,:protocol,:scheme,accept,accept-encoding,access-control-request-headers,access-control-request-method,access-control-request-private-network,authentication,authorization,cache-control,cdn-loop,connection,content-encoding,content-length,content-type,expect,grpc-accept-encoding,grpc-timeout,if-match,if-modified-since,if-none-match,if-range,if-unmodified-since,keep-alive,origin,pragma,proxy-connection,proxy-status,referer,te,transfer-encoding,upgrade,user-agent,via,x-client-trace-id,x-envoy-attempt-count,x-envoy-decorator-operation,x-envoy-downstream-service-cluster,x-envoy-downstream-service-node,x-envoy-expected-rq-timeout-ms,x-envoy-external-address,x-envoy-force-trace,x-envoy-hedge-on-per-try-timeout,x-envoy-internal,x-envoy-ip-tags,x-envoy-is-timeout-retry,x-envoy-max-retries,x-envoy-original-path,x-envoy-original-url,x-envoy-retriable-header-names,x-envoy-retriable-status-codes,x-envoy-retry-grpc-on,x-envoy-retry-on,x-envoy-upstream-alt-stat-name,x-envoy-upstream-rq-per-try-timeout-ms,x-envoy-upstream-rq-timeout-alt-response,x-envoy-upstream-rq-timeout-ms,x-envoy-upstream-stream-duration-ms,x-forwarded-client-cert,x-forwarded-for,x-forwarded-host,x-forwarded-port,x-forwarded-proto,x-request-id
[2025-06-30 15:28:17.311][4742061][info][main] [source/server/server.cc:497]   request trailer map: 120 bytes: 
[2025-06-30 15:28:17.311][4742061][info][main] [source/server/server.cc:497]   response header map: 432 bytes: :status,access-control-allow-credentials,access-control-allow-headers,access-control-allow-methods,access-control-allow-origin,access-control-allow-private-network,access-control-expose-headers,access-control-max-age,age,cache-control,connection,content-encoding,content-length,content-type,date,etag,expires,grpc-message,grpc-status,keep-alive,last-modified,location,proxy-connection,proxy-status,server,transfer-encoding,upgrade,vary,via,x-envoy-attempt-count,x-envoy-decorator-operation,x-envoy-degraded,x-envoy-immediate-health-check-fail,x-envoy-ratelimited,x-envoy-upstream-canary,x-envoy-upstream-healthchecked-cluster,x-envoy-upstream-service-time,x-request-id
[2025-06-30 15:28:17.311][4742061][info][main] [source/server/server.cc:497]   response trailer map: 144 bytes: grpc-message,grpc-status
[2025-06-30 15:28:17.320][4742061][info][main] [source/server/server.cc:890] runtime: {}
[2025-06-30 15:28:17.320][4742061][info][main] [source/server/server.cc:728] Starting admin HTTP server at 127.0.0.1:9902
[2025-06-30 15:28:17.321][4742061][info][admin] [source/server/admin/admin.cc:65] admin address: 127.0.0.1:9902
[2025-06-30 15:28:17.321][4742061][info][config] [source/server/configuration_impl.cc:173] loading tracing configuration
[2025-06-30 15:28:17.321][4742061][info][config] [source/server/configuration_impl.cc:124] loading 0 static secret(s)
[2025-06-30 15:28:17.321][4742061][info][config] [source/server/configuration_impl.cc:130] loading 2 cluster(s)
[2025-06-30 15:28:17.328][4742061][info][config] [source/server/configuration_impl.cc:140] loading 1 listener(s)
[2025-06-30 15:28:17.330][4742061][warning][config] [source/common/listener_manager/listener_impl.cc:1121] reuse_port was configured for TCP listener 'listener_0' and is being force disabled because Envoy is not running on Linux. See the documentation for more information.
[2025-06-30 15:28:17.337][4742061][info][config] [source/server/configuration_impl.cc:156] loading stats configuration
[2025-06-30 15:28:17.337][4742061][warning][main] [source/server/server.cc:959] There is no configured limit to the number of allowed active downstream connections. Configure a limit in `envoy.resource_monitors.global_downstream_max_connections` resource monitor.
[2025-06-30 15:28:17.337][4742061][info][main] [source/server/server.cc:1001] starting main dispatch loop
[2025-06-30 15:28:19.164][4742061][info][runtime] [source/common/runtime/runtime_impl.cc:632] RTDS has finished initialization
[2025-06-30 15:28:19.164][4742061][info][upstream] [source/common/upstream/cluster_manager_impl.cc:265] cm init: all clusters initialized
[2025-06-30 15:28:19.164][4742061][info][main] [source/server/server.cc:981] all clusters initialized. initializing init manager
[2025-06-30 15:28:19.164][4742061][info][config] [source/common/listener_manager/listener_manager_impl.cc:944] all dependencies initialized. starting workers
[2025-06-30 15:33:11.637][4742061][warning][main] [source/server/server.cc:933] caught SIGINT
[2025-06-30 15:33:11.640][4742061][info][main] [source/server/server.cc:1069] shutting down server instance
[2025-06-30 15:33:11.640][4742061][info][main] [source/server/server.cc:1009] main dispatch loop exited
[2025-06-30 15:33:11.658][4742061][info][main] [source/server/server.cc:1061] exiting
[2025-06-30 15:33:12.567][4748706][info][main] [source/server/server.cc:430] initializing epoch 0 (base id=0, hot restart version=disabled)
[2025-06-30 15:33:12.568][4748706][info][main] [source/server/server.cc:432] statically linked extensions:
[2025-06-30 15:33:12.568][4748706][info][main] [source/server/server.cc:434]   envoy.router.cluster_specifier_plugin: envoy.router.cluster_specifier_plugin.lua
[2025-06-30 15:33:12.568][4748706][info][main] [source/server/server.cc:434]   envoy.health_checkers: envoy.health_checkers.grpc, envoy.health_checkers.http, envoy.health_checkers.redis, envoy.health_checkers.tcp, envoy.health_checkers.thrift
[2025-06-30 15:33:12.568][4748706][info][main] [source/server/server.cc:434]   envoy.tracers: envoy.tracers.datadog, envoy.tracers.opentelemetry, envoy.tracers.skywalking, envoy.tracers.xray, envoy.tracers.zipkin, envoy.zipkin
[2025-06-30 15:33:12.568][4748706][info][main] [source/server/server.cc:434]   envoy.geoip_providers: envoy.geoip_providers.maxmind
[2025-06-30 15:33:12.568][4748706][info][main] [source/server/server.cc:434]   envoy.route_config_update_requester: envoy.route_config_update_requester.default
[2025-06-30 15:33:12.568][4748706][info][main] [source/server/server.cc:434]   envoy.http.early_header_mutation: envoy.http.early_header_mutation.header_mutation
[2025-06-30 15:33:12.568][4748706][info][main] [source/server/server.cc:434]   envoy.http.original_ip_detection: envoy.http.original_ip_detection.custom_header, envoy.http.original_ip_detection.xff
[2025-06-30 15:33:12.568][4748706][info][main] [source/server/server.cc:434]   envoy.guarddog_actions: envoy.watchdog.abort_action, envoy.watchdog.profile_action
[2025-06-30 15:33:12.568][4748706][info][main] [source/server/server.cc:434]   envoy.filters.udp.session: envoy.filters.udp.session.dynamic_forward_proxy, envoy.filters.udp.session.http_capsule
[2025-06-30 15:33:12.568][4748706][info][main] [source/server/server.cc:434]   envoy.bootstrap: envoy.bootstrap.internal_listener, envoy.bootstrap.wasm, envoy.extensions.network.socket_interface.default_socket_interface
[2025-06-30 15:33:12.568][4748706][info][main] [source/server/server.cc:434]   envoy.tls.cert_validator: envoy.tls.cert_validator.default, envoy.tls.cert_validator.spiffe
[2025-06-30 15:33:12.568][4748706][info][main] [source/server/server.cc:434]   envoy.matching.http.custom_matchers: envoy.matching.custom_matchers.trie_matcher
[2025-06-30 15:33:12.568][4748706][info][main] [source/server/server.cc:434]   envoy.tracers.opentelemetry.samplers: envoy.tracers.opentelemetry.samplers.always_on, envoy.tracers.opentelemetry.samplers.dynatrace
[2025-06-30 15:33:12.568][4748706][info][main] [source/server/server.cc:434]   envoy.filters.http.upstream: envoy.buffer, envoy.ext_proc, envoy.filters.http.admission_control, envoy.filters.http.aws_lambda, envoy.filters.http.aws_request_signing, envoy.filters.http.buffer, envoy.filters.http.composite, envoy.filters.http.ext_proc, envoy.filters.http.header_mutation, envoy.filters.http.match_delegate, envoy.filters.http.upstream_codec, envoy.filters.http.wasm
[2025-06-30 15:33:12.568][4748706][info][main] [source/server/server.cc:434]   envoy.listener_manager_impl: envoy.listener_manager_impl.default, envoy.listener_manager_impl.validation
[2025-06-30 15:33:12.568][4748706][info][main] [source/server/server.cc:434]   envoy.http.header_validators: envoy.http.header_validators.envoy_default
[2025-06-30 15:33:12.568][4748706][info][main] [source/server/server.cc:434]   envoy.built_in_formatters.generic_proxy: envoy.built_in_formatters.generic_poxy.default
[2025-06-30 15:33:12.568][4748706][info][main] [source/server/server.cc:434]   envoy.quic.connection_debug_visitor: envoy.quic.connection_debug_visitor.basic, envoy.quic.connection_debug_visitor.quic_stats
[2025-06-30 15:33:12.568][4748706][info][main] [source/server/server.cc:434]   envoy.transport_sockets.upstream: envoy.transport_sockets.alts, envoy.transport_sockets.http_11_proxy, envoy.transport_sockets.internal_upstream, envoy.transport_sockets.quic, envoy.transport_sockets.raw_buffer, envoy.transport_sockets.starttls, envoy.transport_sockets.tap, envoy.transport_sockets.tcp_stats, envoy.transport_sockets.tls, envoy.transport_sockets.upstream_proxy_protocol, raw_buffer, starttls, tls
[2025-06-30 15:33:12.568][4748706][info][main] [source/server/server.cc:434]   envoy.tracers.opentelemetry.resource_detectors: envoy.tracers.opentelemetry.resource_detectors.dynatrace, envoy.tracers.opentelemetry.resource_detectors.environment, envoy.tracers.opentelemetry.resource_detectors.static_config
[2025-06-30 15:33:12.568][4748706][info][main] [source/server/server.cc:434]   envoy.thrift_proxy.transports: auto, framed, header, unframed
[2025-06-30 15:33:12.568][4748706][info][main] [source/server/server.cc:434]   envoy.quic.connection_id_generator: envoy.quic.deterministic_connection_id_generator
[2025-06-30 15:33:12.568][4748706][info][main] [source/server/server.cc:434]   envoy.compression.compressor: envoy.compression.brotli.compressor, envoy.compression.gzip.compressor, envoy.compression.zstd.compressor
[2025-06-30 15:33:12.568][4748706][info][main] [source/server/server.cc:434]   envoy.matching.action: envoy.matching.actions.format_string, filter-chain-name
[2025-06-30 15:33:12.568][4748706][info][main] [source/server/server.cc:434]   envoy.srds_factory: envoy.srds_factory.default
[2025-06-30 15:33:12.568][4748706][info][main] [source/server/server.cc:434]   envoy.thrift_proxy.filters: envoy.filters.thrift.header_to_metadata, envoy.filters.thrift.payload_to_metadata, envoy.filters.thrift.rate_limit, envoy.filters.thrift.router
[2025-06-30 15:33:12.568][4748706][info][main] [source/server/server.cc:434]   envoy.matching.common_inputs: envoy.matching.common_inputs.environment_variable
[2025-06-30 15:33:12.568][4748706][info][main] [source/server/server.cc:434]   envoy.upstream_options: envoy.extensions.upstreams.http.v3.HttpProtocolOptions, envoy.extensions.upstreams.tcp.v3.TcpProtocolOptions, envoy.upstreams.http.http_protocol_options, envoy.upstreams.tcp.tcp_protocol_options
[2025-06-30 15:33:12.568][4748706][info][main] [source/server/server.cc:434]   envoy.connection_handler: envoy.connection_handler.default
[2025-06-30 15:33:12.568][4748706][info][main] [source/server/server.cc:434]   envoy.quic.proof_source: envoy.quic.proof_source.filter_chain
[2025-06-30 15:33:12.568][4748706][info][main] [source/server/server.cc:434]   envoy.generic_proxy.access_loggers: envoy.generic_proxy.access_loggers.file
[2025-06-30 15:33:12.568][4748706][info][main] [source/server/server.cc:434]   envoy.thrift_proxy.protocols: auto, binary, binary/non-strict, compact, twitter
[2025-06-30 15:33:12.568][4748706][info][main] [source/server/server.cc:434]   envoy.stats_sinks: envoy.dog_statsd, envoy.graphite_statsd, envoy.metrics_service, envoy.open_telemetry_stat_sink, envoy.stat_sinks.dog_statsd, envoy.stat_sinks.graphite_statsd, envoy.stat_sinks.hystrix, envoy.stat_sinks.metrics_service, envoy.stat_sinks.open_telemetry, envoy.stat_sinks.statsd, envoy.stat_sinks.wasm, envoy.statsd
[2025-06-30 15:33:12.568][4748706][info][main] [source/server/server.cc:434]   envoy.access_loggers.extension_filters: envoy.access_loggers.extension_filters.cel
[2025-06-30 15:33:12.568][4748706][info][main] [source/server/server.cc:434]   envoy.filters.udp_listener: envoy.filters.udp.dns_filter, envoy.filters.udp_listener.udp_proxy
[2025-06-30 15:33:12.568][4748706][info][main] [source/server/server.cc:434]   envoy.resolvers: envoy.ip
[2025-06-30 15:33:12.568][4748706][info][main] [source/server/server.cc:434]   envoy.http.injected_credentials: envoy.http.injected_credentials.generic, envoy.http.injected_credentials.oauth2
[2025-06-30 15:33:12.568][4748706][info][main] [source/server/server.cc:434]   envoy.dubbo_proxy.serializers: dubbo.hessian2
[2025-06-30 15:33:12.568][4748706][info][main] [source/server/server.cc:434]   envoy.wasm.runtime: envoy.wasm.runtime.null
[2025-06-30 15:33:12.568][4748706][info][main] [source/server/server.cc:434]   envoy.string_matcher: envoy.string_matcher.lua
[2025-06-30 15:33:12.568][4748706][info][main] [source/server/server.cc:434]   envoy.resource_monitors: envoy.resource_monitors.cpu_utilization, envoy.resource_monitors.fixed_heap, envoy.resource_monitors.injected_resource
[2025-06-30 15:33:12.568][4748706][info][main] [source/server/server.cc:434]   envoy.config_mux: envoy.config_mux.delta_grpc_mux_factory, envoy.config_mux.grpc_mux_factory, envoy.config_mux.new_grpc_mux_factory, envoy.config_mux.sotw_grpc_mux_factory
[2025-06-30 15:33:12.568][4748706][info][main] [source/server/server.cc:434]   envoy.matching.network.input: envoy.matching.inputs.application_protocol, envoy.matching.inputs.destination_ip, envoy.matching.inputs.destination_port, envoy.matching.inputs.direct_source_ip, envoy.matching.inputs.dns_san, envoy.matching.inputs.filter_state, envoy.matching.inputs.server_name, envoy.matching.inputs.source_ip, envoy.matching.inputs.source_port, envoy.matching.inputs.source_type, envoy.matching.inputs.subject, envoy.matching.inputs.transport_protocol, envoy.matching.inputs.uri_san
[2025-06-30 15:33:12.568][4748706][info][main] [source/server/server.cc:434]   envoy.retry_priorities: envoy.retry_priorities.previous_priorities
[2025-06-30 15:33:12.568][4748706][info][main] [source/server/server.cc:434]   envoy.upstream.local_address_selector: envoy.upstream.local_address_selector.default_local_address_selector
[2025-06-30 15:33:12.568][4748706][info][main] [source/server/server.cc:434]   network.connection.client: default, envoy_internal
[2025-06-30 15:33:12.568][4748706][info][main] [source/server/server.cc:434]   envoy.http.stateful_header_formatters: envoy.http.stateful_header_formatters.preserve_case, preserve_case
[2025-06-30 15:33:12.568][4748706][info][main] [source/server/server.cc:434]   envoy.rbac.matchers: envoy.rbac.matchers.upstream_ip_port
[2025-06-30 15:33:12.568][4748706][info][main] [source/server/server.cc:434]   envoy.path.match: envoy.path.match.uri_template.uri_template_matcher
[2025-06-30 15:33:12.568][4748706][info][main] [source/server/server.cc:434]   envoy.network.dns_resolver: envoy.network.dns_resolver.apple, envoy.network.dns_resolver.cares, envoy.network.dns_resolver.getaddrinfo
[2025-06-30 15:33:12.568][4748706][info][main] [source/server/server.cc:434]   envoy.generic_proxy.filters: envoy.filters.generic.router
[2025-06-30 15:33:12.568][4748706][info][main] [source/server/server.cc:434]   envoy.load_balancing_policies: envoy.load_balancing_policies.client_side_weighted_round_robin, envoy.load_balancing_policies.cluster_provided, envoy.load_balancing_policies.least_request, envoy.load_balancing_policies.maglev, envoy.load_balancing_policies.random, envoy.load_balancing_policies.ring_hash, envoy.load_balancing_policies.round_robin, envoy.load_balancing_policies.subset
[2025-06-30 15:33:12.568][4748706][info][main] [source/server/server.cc:434]   envoy.retry_host_predicates: envoy.retry_host_predicates.omit_canary_hosts, envoy.retry_host_predicates.omit_host_metadata, envoy.retry_host_predicates.previous_hosts
[2025-06-30 15:33:12.568][4748706][info][main] [source/server/server.cc:434]   envoy.generic_proxy.codecs: envoy.generic_proxy.codecs.dubbo, envoy.generic_proxy.codecs.http1
[2025-06-30 15:33:12.568][4748706][info][main] [source/server/server.cc:434]   envoy.request_id: envoy.request_id.uuid
[2025-06-30 15:33:12.568][4748706][info][main] [source/server/server.cc:434]   envoy.built_in_formatters.stream_info: envoy.built_in_formatters.stream_info.default
[2025-06-30 15:33:12.568][4748706][info][main] [source/server/server.cc:434]   envoy.grpc_credentials: envoy.grpc_credentials.aws_iam, envoy.grpc_credentials.default, envoy.grpc_credentials.file_based_metadata
[2025-06-30 15:33:12.568][4748706][info][main] [source/server/server.cc:434]   envoy.dubbo_proxy.protocols: dubbo
[2025-06-30 15:33:12.568][4748706][info][main] [source/server/server.cc:434]   envoy.route.early_data_policy: envoy.route.early_data_policy.default
[2025-06-30 15:33:12.568][4748706][info][main] [source/server/server.cc:434]   envoy.clusters: envoy.cluster.dns, envoy.cluster.eds, envoy.cluster.logical_dns, envoy.cluster.original_dst, envoy.cluster.static, envoy.cluster.strict_dns, envoy.clusters.aggregate, envoy.clusters.dynamic_forward_proxy, envoy.clusters.redis
[2025-06-30 15:33:12.568][4748706][info][main] [source/server/server.cc:434]   envoy.quic.server_preferred_address: quic.server_preferred_address.datasource, quic.server_preferred_address.fixed
[2025-06-30 15:33:12.568][4748706][info][main] [source/server/server.cc:434]   envoy.quic.server.crypto_stream: envoy.quic.crypto_stream.server.quiche
[2025-06-30 15:33:12.568][4748706][info][main] [source/server/server.cc:434]   envoy.rds_factory: envoy.rds_factory.default
[2025-06-30 15:33:12.568][4748706][info][main] [source/server/server.cc:434]   envoy.http.cache: envoy.extensions.http.cache.file_system_http_cache, envoy.extensions.http.cache.simple
[2025-06-30 15:33:12.568][4748706][info][main] [source/server/server.cc:434]   envoy.matching.input_matchers: envoy.matching.input_matchers.generic_request_matcher, envoy.matching.matchers.cel_matcher, envoy.matching.matchers.consistent_hashing, envoy.matching.matchers.ip, envoy.matching.matchers.metadata_matcher, envoy.matching.matchers.runtime_fraction
[2025-06-30 15:33:12.568][4748706][info][main] [source/server/server.cc:434]   envoy.transport_sockets.downstream: envoy.transport_sockets.alts, envoy.transport_sockets.quic, envoy.transport_sockets.raw_buffer, envoy.transport_sockets.starttls, envoy.transport_sockets.tap, envoy.transport_sockets.tcp_stats, envoy.transport_sockets.tls, raw_buffer, starttls, tls
[2025-06-30 15:33:12.568][4748706][info][main] [source/server/server.cc:434]   envoy.common.key_value: envoy.key_value.file_based
[2025-06-30 15:33:12.568][4748706][info][main] [source/server/server.cc:434]   envoy.ssl.server_context_factory: envoy.ssl.server_context_factory.default
[2025-06-30 15:33:12.568][4748706][info][main] [source/server/server.cc:434]   envoy.path.rewrite: envoy.path.rewrite.uri_template.uri_template_rewriter
[2025-06-30 15:33:12.568][4748706][info][main] [source/server/server.cc:434]   envoy.http.stateful_session: envoy.http.stateful_session.cookie, envoy.http.stateful_session.header
[2025-06-30 15:33:12.568][4748706][info][main] [source/server/server.cc:434]   envoy.config_subscription: envoy.config_subscription.ads, envoy.config_subscription.ads_collection, envoy.config_subscription.aggregated_grpc_collection, envoy.config_subscription.delta_grpc, envoy.config_subscription.delta_grpc_collection, envoy.config_subscription.filesystem, envoy.config_subscription.filesystem_collection, envoy.config_subscription.grpc, envoy.config_subscription.rest
[2025-06-30 15:33:12.568][4748706][info][main] [source/server/server.cc:434]   envoy.formatter: envoy.formatter.cel, envoy.formatter.metadata, envoy.formatter.req_without_query
[2025-06-30 15:33:12.568][4748706][info][main] [source/server/server.cc:434]   envoy.health_check.event_sinks: envoy.health_check.event_sink.file
[2025-06-30 15:33:12.568][4748706][info][main] [source/server/server.cc:434]   envoy.filters.http: envoy.bandwidth_limit, envoy.buffer, envoy.cors, envoy.csrf, envoy.ext_authz, envoy.ext_proc, envoy.fault, envoy.filters.http.adaptive_concurrency, envoy.filters.http.admission_control, envoy.filters.http.alternate_protocols_cache, envoy.filters.http.api_key_auth, envoy.filters.http.aws_lambda, envoy.filters.http.aws_request_signing, envoy.filters.http.bandwidth_limit, envoy.filters.http.basic_auth, envoy.filters.http.buffer, envoy.filters.http.cache, envoy.filters.http.cdn_loop, envoy.filters.http.composite, envoy.filters.http.compressor, envoy.filters.http.connect_grpc_bridge, envoy.filters.http.cors, envoy.filters.http.credential_injector, envoy.filters.http.csrf, envoy.filters.http.custom_response, envoy.filters.http.decompressor, envoy.filters.http.dynamic_forward_proxy, envoy.filters.http.ext_authz, envoy.filters.http.ext_proc, envoy.filters.http.fault, envoy.filters.http.file_system_buffer, envoy.filters.http.gcp_authn, envoy.filters.http.geoip, envoy.filters.http.grpc_field_extraction, envoy.filters.http.grpc_http1_bridge, envoy.filters.http.grpc_http1_reverse_bridge, envoy.filters.http.grpc_json_reverse_transcoder, envoy.filters.http.grpc_json_transcoder, envoy.filters.http.grpc_stats, envoy.filters.http.grpc_web, envoy.filters.http.header_mutation, envoy.filters.http.header_to_metadata, envoy.filters.http.health_check, envoy.filters.http.ip_tagging, envoy.filters.http.json_to_metadata, envoy.filters.http.jwt_authn, envoy.filters.http.local_ratelimit, envoy.filters.http.lua, envoy.filters.http.match_delegate, envoy.filters.http.oauth2, envoy.filters.http.on_demand, envoy.filters.http.original_src, envoy.filters.http.proto_message_extraction, envoy.filters.http.rate_limit_quota, envoy.filters.http.ratelimit, envoy.filters.http.rbac, envoy.filters.http.router, envoy.filters.http.set_filter_state, envoy.filters.http.set_metadata, envoy.filters.http.stateful_session, envoy.filters.http.tap, envoy.filters.http.thrift_to_metadata, envoy.filters.http.wasm, envoy.geoip, envoy.grpc_http1_bridge, envoy.grpc_json_transcoder, envoy.grpc_web, envoy.health_check, envoy.ip_tagging, envoy.local_rate_limit, envoy.lua, envoy.rate_limit, envoy.router
[2025-06-30 15:33:12.568][4748706][info][main] [source/server/server.cc:434]   envoy.regex_engines: envoy.regex_engines.google_re2
[2025-06-30 15:33:12.568][4748706][info][main] [source/server/server.cc:434]   envoy.filters.listener: envoy.filters.listener.http_inspector, envoy.filters.listener.local_ratelimit, envoy.filters.listener.original_dst, envoy.filters.listener.original_src, envoy.filters.listener.proxy_protocol, envoy.filters.listener.tls_inspector, envoy.listener.http_inspector, envoy.listener.original_dst, envoy.listener.original_src, envoy.listener.proxy_protocol, envoy.listener.tls_inspector
[2025-06-30 15:33:12.568][4748706][info][main] [source/server/server.cc:434]   envoy.rate_limit_descriptors: envoy.rate_limit_descriptors.expr
[2025-06-30 15:33:12.568][4748706][info][main] [source/server/server.cc:434]   envoy.compression.decompressor: envoy.compression.brotli.decompressor, envoy.compression.gzip.decompressor, envoy.compression.zstd.decompressor
[2025-06-30 15:33:12.568][4748706][info][main] [source/server/server.cc:434]   envoy.upstreams: envoy.filters.connection_pools.tcp.generic
[2025-06-30 15:33:12.568][4748706][info][main] [source/server/server.cc:434]   envoy.matching.generic_proxy_request_input.input: envoy.matching.generic_proxy.input.host, envoy.matching.generic_proxy.input.method, envoy.matching.generic_proxy.input.path, envoy.matching.generic_proxy.input.property, envoy.matching.generic_proxy.input.request, envoy.matching.generic_proxy.input.service
[2025-06-30 15:33:12.568][4748706][info][main] [source/server/server.cc:434]   filter_state.object: envoy.filters.listener.original_dst.local_ip, envoy.filters.listener.original_dst.remote_ip, envoy.network.application_protocols, envoy.network.transport_socket.original_dst_address, envoy.network.upstream_server_name, envoy.network.upstream_subject_alt_names, envoy.ratelimit.hits_addend, envoy.string, envoy.tcp_proxy.cluster, envoy.tcp_proxy.disable_tunneling, envoy.tcp_proxy.per_connection_idle_timeout_ms, envoy.upstream.dynamic_host, envoy.upstream.dynamic_port
[2025-06-30 15:33:12.568][4748706][info][main] [source/server/server.cc:434]   envoy.matching.network.custom_matchers: envoy.matching.custom_matchers.trie_matcher
[2025-06-30 15:33:12.568][4748706][info][main] [source/server/server.cc:434]   envoy.config.validators: envoy.config.validators.minimum_clusters, envoy.config.validators.minimum_clusters_validator
[2025-06-30 15:33:12.568][4748706][info][main] [source/server/server.cc:434]   envoy.matching.http.input: envoy.matching.inputs.cel_data_input, envoy.matching.inputs.destination_ip, envoy.matching.inputs.destination_port, envoy.matching.inputs.direct_source_ip, envoy.matching.inputs.dns_san, envoy.matching.inputs.dynamic_metadata, envoy.matching.inputs.filter_state, envoy.matching.inputs.request_headers, envoy.matching.inputs.request_trailers, envoy.matching.inputs.response_headers, envoy.matching.inputs.response_trailers, envoy.matching.inputs.server_name, envoy.matching.inputs.source_ip, envoy.matching.inputs.source_port, envoy.matching.inputs.source_type, envoy.matching.inputs.status_code_class_input, envoy.matching.inputs.status_code_input, envoy.matching.inputs.subject, envoy.matching.inputs.uri_san, query_params
[2025-06-30 15:33:12.568][4748706][info][main] [source/server/server.cc:434]   envoy.built_in_formatters.http: envoy.built_in_formatters.http.default
[2025-06-30 15:33:12.568][4748706][info][main] [source/server/server.cc:434]   envoy.http.custom_response: envoy.extensions.http.custom_response.local_response_policy, envoy.extensions.http.custom_response.redirect_policy
[2025-06-30 15:33:12.568][4748706][info][main] [source/server/server.cc:434]   envoy.dubbo_proxy.filters: envoy.filters.dubbo.router
[2025-06-30 15:33:12.568][4748706][info][main] [source/server/server.cc:434]   envoy.internal_redirect_predicates: envoy.internal_redirect_predicates.allow_listed_routes, envoy.internal_redirect_predicates.previous_routes, envoy.internal_redirect_predicates.safe_cross_scheme
[2025-06-30 15:33:12.568][4748706][info][main] [source/server/server.cc:434]   envoy.access_loggers: envoy.access_loggers.file, envoy.access_loggers.fluentd, envoy.access_loggers.http_grpc, envoy.access_loggers.open_telemetry, envoy.access_loggers.stderr, envoy.access_loggers.stdout, envoy.access_loggers.tcp_grpc, envoy.access_loggers.wasm, envoy.file_access_log, envoy.fluentd_access_log, envoy.http_grpc_access_log, envoy.open_telemetry_access_log, envoy.stderr_access_log, envoy.stdout_access_log, envoy.tcp_grpc_access_log, envoy.wasm_access_log
[2025-06-30 15:33:12.568][4748706][info][main] [source/server/server.cc:434]   envoy.filters.network: envoy.echo, envoy.ext_authz, envoy.filters.network.connection_limit, envoy.filters.network.direct_response, envoy.filters.network.dubbo_proxy, envoy.filters.network.echo, envoy.filters.network.ext_authz, envoy.filters.network.generic_proxy, envoy.filters.network.http_connection_manager, envoy.filters.network.local_ratelimit, envoy.filters.network.mongo_proxy, envoy.filters.network.ratelimit, envoy.filters.network.rbac, envoy.filters.network.redis_proxy, envoy.filters.network.set_filter_state, envoy.filters.network.sni_cluster, envoy.filters.network.sni_dynamic_forward_proxy, envoy.filters.network.tcp_proxy, envoy.filters.network.thrift_proxy, envoy.filters.network.wasm, envoy.filters.network.zookeeper_proxy, envoy.http_connection_manager, envoy.mongo_proxy, envoy.ratelimit, envoy.redis_proxy, envoy.tcp_proxy
[2025-06-30 15:33:12.568][4748706][info][main] [source/server/server.cc:434]   quic.http_server_connection: quic.http_server_connection.default
[2025-06-30 15:33:12.568][4748706][info][main] [source/server/server.cc:434]   envoy.udp_packet_writer: envoy.udp_packet_writer.default
[2025-06-30 15:33:12.573][4748706][info][main] [source/server/server.cc:494] HTTP header map info:
[2025-06-30 15:33:12.575][4748706][info][main] [source/server/server.cc:497]   request header map: 656 bytes: :authority,:method,:path,:protocol,:scheme,accept,accept-encoding,access-control-request-headers,access-control-request-method,access-control-request-private-network,authentication,authorization,cache-control,cdn-loop,connection,content-encoding,content-length,content-type,expect,grpc-accept-encoding,grpc-timeout,if-match,if-modified-since,if-none-match,if-range,if-unmodified-since,keep-alive,origin,pragma,proxy-connection,proxy-status,referer,te,transfer-encoding,upgrade,user-agent,via,x-client-trace-id,x-envoy-attempt-count,x-envoy-decorator-operation,x-envoy-downstream-service-cluster,x-envoy-downstream-service-node,x-envoy-expected-rq-timeout-ms,x-envoy-external-address,x-envoy-force-trace,x-envoy-hedge-on-per-try-timeout,x-envoy-internal,x-envoy-ip-tags,x-envoy-is-timeout-retry,x-envoy-max-retries,x-envoy-original-path,x-envoy-original-url,x-envoy-retriable-header-names,x-envoy-retriable-status-codes,x-envoy-retry-grpc-on,x-envoy-retry-on,x-envoy-upstream-alt-stat-name,x-envoy-upstream-rq-per-try-timeout-ms,x-envoy-upstream-rq-timeout-alt-response,x-envoy-upstream-rq-timeout-ms,x-envoy-upstream-stream-duration-ms,x-forwarded-client-cert,x-forwarded-for,x-forwarded-host,x-forwarded-port,x-forwarded-proto,x-request-id
[2025-06-30 15:33:12.575][4748706][info][main] [source/server/server.cc:497]   request trailer map: 120 bytes: 
[2025-06-30 15:33:12.575][4748706][info][main] [source/server/server.cc:497]   response header map: 432 bytes: :status,access-control-allow-credentials,access-control-allow-headers,access-control-allow-methods,access-control-allow-origin,access-control-allow-private-network,access-control-expose-headers,access-control-max-age,age,cache-control,connection,content-encoding,content-length,content-type,date,etag,expires,grpc-message,grpc-status,keep-alive,last-modified,location,proxy-connection,proxy-status,server,transfer-encoding,upgrade,vary,via,x-envoy-attempt-count,x-envoy-decorator-operation,x-envoy-degraded,x-envoy-immediate-health-check-fail,x-envoy-ratelimited,x-envoy-upstream-canary,x-envoy-upstream-healthchecked-cluster,x-envoy-upstream-service-time,x-request-id
[2025-06-30 15:33:12.575][4748706][info][main] [source/server/server.cc:497]   response trailer map: 144 bytes: grpc-message,grpc-status
[2025-06-30 15:33:12.581][4748706][info][main] [source/server/server.cc:890] runtime: {}
[2025-06-30 15:33:12.581][4748706][info][main] [source/server/server.cc:728] Starting admin HTTP server at 127.0.0.1:9902
[2025-06-30 15:33:12.581][4748706][info][admin] [source/server/admin/admin.cc:65] admin address: 127.0.0.1:9902
[2025-06-30 15:33:12.581][4748706][info][config] [source/server/configuration_impl.cc:173] loading tracing configuration
[2025-06-30 15:33:12.581][4748706][info][config] [source/server/configuration_impl.cc:124] loading 0 static secret(s)
[2025-06-30 15:33:12.581][4748706][info][config] [source/server/configuration_impl.cc:130] loading 2 cluster(s)
[2025-06-30 15:33:12.586][4748706][info][config] [source/server/configuration_impl.cc:140] loading 1 listener(s)
[2025-06-30 15:33:12.587][4748706][warning][config] [source/common/listener_manager/listener_impl.cc:1121] reuse_port was configured for TCP listener 'listener_0' and is being force disabled because Envoy is not running on Linux. See the documentation for more information.
[2025-06-30 15:33:12.592][4748706][info][config] [source/server/configuration_impl.cc:156] loading stats configuration
[2025-06-30 15:33:12.592][4748706][warning][main] [source/server/server.cc:959] There is no configured limit to the number of allowed active downstream connections. Configure a limit in `envoy.resource_monitors.global_downstream_max_connections` resource monitor.
[2025-06-30 15:33:12.592][4748706][info][main] [source/server/server.cc:1001] starting main dispatch loop
[2025-06-30 15:33:12.593][4748706][info][runtime] [source/common/runtime/runtime_impl.cc:632] RTDS has finished initialization
[2025-06-30 15:33:12.593][4748706][info][upstream] [source/common/upstream/cluster_manager_impl.cc:265] cm init: all clusters initialized
[2025-06-30 15:33:12.593][4748706][info][main] [source/server/server.cc:981] all clusters initialized. initializing init manager
[2025-06-30 15:33:12.593][4748706][info][config] [source/common/listener_manager/listener_manager_impl.cc:944] all dependencies initialized. starting workers
[2025-06-30 15:34:36.372][4748706][warning][main] [source/server/server.cc:933] caught SIGINT
[2025-06-30 15:34:36.373][4748706][info][main] [source/server/server.cc:1069] shutting down server instance
[2025-06-30 15:34:36.373][4748706][info][main] [source/server/server.cc:1009] main dispatch loop exited
[2025-06-30 15:34:36.382][4748706][info][main] [source/server/server.cc:1061] exiting
[2025-06-30 15:34:37.372][4750806][info][main] [source/server/server.cc:430] initializing epoch 0 (base id=0, hot restart version=disabled)
[2025-06-30 15:34:37.373][4750806][info][main] [source/server/server.cc:432] statically linked extensions:
[2025-06-30 15:34:37.373][4750806][info][main] [source/server/server.cc:434]   envoy.access_loggers.extension_filters: envoy.access_loggers.extension_filters.cel
[2025-06-30 15:34:37.373][4750806][info][main] [source/server/server.cc:434]   envoy.generic_proxy.filters: envoy.filters.generic.router
[2025-06-30 15:34:37.373][4750806][info][main] [source/server/server.cc:434]   envoy.upstream_options: envoy.extensions.upstreams.http.v3.HttpProtocolOptions, envoy.extensions.upstreams.tcp.v3.TcpProtocolOptions, envoy.upstreams.http.http_protocol_options, envoy.upstreams.tcp.tcp_protocol_options
[2025-06-30 15:34:37.373][4750806][info][main] [source/server/server.cc:434]   envoy.transport_sockets.downstream: envoy.transport_sockets.alts, envoy.transport_sockets.quic, envoy.transport_sockets.raw_buffer, envoy.transport_sockets.starttls, envoy.transport_sockets.tap, envoy.transport_sockets.tcp_stats, envoy.transport_sockets.tls, raw_buffer, starttls, tls
[2025-06-30 15:34:37.373][4750806][info][main] [source/server/server.cc:434]   envoy.config_mux: envoy.config_mux.delta_grpc_mux_factory, envoy.config_mux.grpc_mux_factory, envoy.config_mux.new_grpc_mux_factory, envoy.config_mux.sotw_grpc_mux_factory
[2025-06-30 15:34:37.373][4750806][info][main] [source/server/server.cc:434]   envoy.matching.http.input: envoy.matching.inputs.cel_data_input, envoy.matching.inputs.destination_ip, envoy.matching.inputs.destination_port, envoy.matching.inputs.direct_source_ip, envoy.matching.inputs.dns_san, envoy.matching.inputs.dynamic_metadata, envoy.matching.inputs.filter_state, envoy.matching.inputs.request_headers, envoy.matching.inputs.request_trailers, envoy.matching.inputs.response_headers, envoy.matching.inputs.response_trailers, envoy.matching.inputs.server_name, envoy.matching.inputs.source_ip, envoy.matching.inputs.source_port, envoy.matching.inputs.source_type, envoy.matching.inputs.status_code_class_input, envoy.matching.inputs.status_code_input, envoy.matching.inputs.subject, envoy.matching.inputs.uri_san, query_params
[2025-06-30 15:34:37.373][4750806][info][main] [source/server/server.cc:434]   envoy.load_balancing_policies: envoy.load_balancing_policies.client_side_weighted_round_robin, envoy.load_balancing_policies.cluster_provided, envoy.load_balancing_policies.least_request, envoy.load_balancing_policies.maglev, envoy.load_balancing_policies.random, envoy.load_balancing_policies.ring_hash, envoy.load_balancing_policies.round_robin, envoy.load_balancing_policies.subset
[2025-06-30 15:34:37.373][4750806][info][main] [source/server/server.cc:434]   envoy.filters.http.upstream: envoy.buffer, envoy.ext_proc, envoy.filters.http.admission_control, envoy.filters.http.aws_lambda, envoy.filters.http.aws_request_signing, envoy.filters.http.buffer, envoy.filters.http.composite, envoy.filters.http.ext_proc, envoy.filters.http.header_mutation, envoy.filters.http.match_delegate, envoy.filters.http.upstream_codec, envoy.filters.http.wasm
[2025-06-30 15:34:37.373][4750806][info][main] [source/server/server.cc:434]   envoy.thrift_proxy.transports: auto, framed, header, unframed
[2025-06-30 15:34:37.373][4750806][info][main] [source/server/server.cc:434]   envoy.quic.connection_id_generator: envoy.quic.deterministic_connection_id_generator
[2025-06-30 15:34:37.373][4750806][info][main] [source/server/server.cc:434]   envoy.route_config_update_requester: envoy.route_config_update_requester.default
[2025-06-30 15:34:37.373][4750806][info][main] [source/server/server.cc:434]   envoy.http.injected_credentials: envoy.http.injected_credentials.generic, envoy.http.injected_credentials.oauth2
[2025-06-30 15:34:37.373][4750806][info][main] [source/server/server.cc:434]   envoy.filters.udp_listener: envoy.filters.udp.dns_filter, envoy.filters.udp_listener.udp_proxy
[2025-06-30 15:34:37.373][4750806][info][main] [source/server/server.cc:434]   envoy.clusters: envoy.cluster.dns, envoy.cluster.eds, envoy.cluster.logical_dns, envoy.cluster.original_dst, envoy.cluster.static, envoy.cluster.strict_dns, envoy.clusters.aggregate, envoy.clusters.dynamic_forward_proxy, envoy.clusters.redis
[2025-06-30 15:34:37.373][4750806][info][main] [source/server/server.cc:434]   envoy.quic.server_preferred_address: quic.server_preferred_address.datasource, quic.server_preferred_address.fixed
[2025-06-30 15:34:37.373][4750806][info][main] [source/server/server.cc:434]   envoy.resolvers: envoy.ip
[2025-06-30 15:34:37.373][4750806][info][main] [source/server/server.cc:434]   envoy.regex_engines: envoy.regex_engines.google_re2
[2025-06-30 15:34:37.373][4750806][info][main] [source/server/server.cc:434]   envoy.access_loggers: envoy.access_loggers.file, envoy.access_loggers.fluentd, envoy.access_loggers.http_grpc, envoy.access_loggers.open_telemetry, envoy.access_loggers.stderr, envoy.access_loggers.stdout, envoy.access_loggers.tcp_grpc, envoy.access_loggers.wasm, envoy.file_access_log, envoy.fluentd_access_log, envoy.http_grpc_access_log, envoy.open_telemetry_access_log, envoy.stderr_access_log, envoy.stdout_access_log, envoy.tcp_grpc_access_log, envoy.wasm_access_log
[2025-06-30 15:34:37.373][4750806][info][main] [source/server/server.cc:434]   envoy.config_subscription: envoy.config_subscription.ads, envoy.config_subscription.ads_collection, envoy.config_subscription.aggregated_grpc_collection, envoy.config_subscription.delta_grpc, envoy.config_subscription.delta_grpc_collection, envoy.config_subscription.filesystem, envoy.config_subscription.filesystem_collection, envoy.config_subscription.grpc, envoy.config_subscription.rest
[2025-06-30 15:34:37.373][4750806][info][main] [source/server/server.cc:434]   envoy.http.header_validators: envoy.http.header_validators.envoy_default
[2025-06-30 15:34:37.373][4750806][info][main] [source/server/server.cc:434]   envoy.tracers.opentelemetry.samplers: envoy.tracers.opentelemetry.samplers.always_on, envoy.tracers.opentelemetry.samplers.dynatrace
[2025-06-30 15:34:37.373][4750806][info][main] [source/server/server.cc:434]   envoy.filters.network: envoy.echo, envoy.ext_authz, envoy.filters.network.connection_limit, envoy.filters.network.direct_response, envoy.filters.network.dubbo_proxy, envoy.filters.network.echo, envoy.filters.network.ext_authz, envoy.filters.network.generic_proxy, envoy.filters.network.http_connection_manager, envoy.filters.network.local_ratelimit, envoy.filters.network.mongo_proxy, envoy.filters.network.ratelimit, envoy.filters.network.rbac, envoy.filters.network.redis_proxy, envoy.filters.network.set_filter_state, envoy.filters.network.sni_cluster, envoy.filters.network.sni_dynamic_forward_proxy, envoy.filters.network.tcp_proxy, envoy.filters.network.thrift_proxy, envoy.filters.network.wasm, envoy.filters.network.zookeeper_proxy, envoy.http_connection_manager, envoy.mongo_proxy, envoy.ratelimit, envoy.redis_proxy, envoy.tcp_proxy
[2025-06-30 15:34:37.373][4750806][info][main] [source/server/server.cc:434]   envoy.udp_packet_writer: envoy.udp_packet_writer.default
[2025-06-30 15:34:37.373][4750806][info][main] [source/server/server.cc:434]   envoy.http.original_ip_detection: envoy.http.original_ip_detection.custom_header, envoy.http.original_ip_detection.xff
[2025-06-30 15:34:37.373][4750806][info][main] [source/server/server.cc:434]   envoy.http.cache: envoy.extensions.http.cache.file_system_http_cache, envoy.extensions.http.cache.simple
[2025-06-30 15:34:37.373][4750806][info][main] [source/server/server.cc:434]   envoy.network.dns_resolver: envoy.network.dns_resolver.apple, envoy.network.dns_resolver.cares, envoy.network.dns_resolver.getaddrinfo
[2025-06-30 15:34:37.373][4750806][info][main] [source/server/server.cc:434]   envoy.quic.server.crypto_stream: envoy.quic.crypto_stream.server.quiche
[2025-06-30 15:34:37.373][4750806][info][main] [source/server/server.cc:434]   envoy.path.match: envoy.path.match.uri_template.uri_template_matcher
[2025-06-30 15:34:37.373][4750806][info][main] [source/server/server.cc:434]   envoy.string_matcher: envoy.string_matcher.lua
[2025-06-30 15:34:37.373][4750806][info][main] [source/server/server.cc:434]   envoy.ssl.server_context_factory: envoy.ssl.server_context_factory.default
[2025-06-30 15:34:37.373][4750806][info][main] [source/server/server.cc:434]   envoy.config.validators: envoy.config.validators.minimum_clusters, envoy.config.validators.minimum_clusters_validator
[2025-06-30 15:34:37.373][4750806][info][main] [source/server/server.cc:434]   envoy.matching.common_inputs: envoy.matching.common_inputs.environment_variable
[2025-06-30 15:34:37.373][4750806][info][main] [source/server/server.cc:434]   envoy.retry_priorities: envoy.retry_priorities.previous_priorities
[2025-06-30 15:34:37.373][4750806][info][main] [source/server/server.cc:434]   envoy.formatter: envoy.formatter.cel, envoy.formatter.metadata, envoy.formatter.req_without_query
[2025-06-30 15:34:37.373][4750806][info][main] [source/server/server.cc:434]   envoy.route.early_data_policy: envoy.route.early_data_policy.default
[2025-06-30 15:34:37.373][4750806][info][main] [source/server/server.cc:434]   envoy.upstreams: envoy.filters.connection_pools.tcp.generic
[2025-06-30 15:34:37.373][4750806][info][main] [source/server/server.cc:434]   quic.http_server_connection: quic.http_server_connection.default
[2025-06-30 15:34:37.373][4750806][info][main] [source/server/server.cc:434]   envoy.http.custom_response: envoy.extensions.http.custom_response.local_response_policy, envoy.extensions.http.custom_response.redirect_policy
[2025-06-30 15:34:37.373][4750806][info][main] [source/server/server.cc:434]   envoy.built_in_formatters.generic_proxy: envoy.built_in_formatters.generic_poxy.default
[2025-06-30 15:34:37.373][4750806][info][main] [source/server/server.cc:434]   envoy.http.stateful_session: envoy.http.stateful_session.cookie, envoy.http.stateful_session.header
[2025-06-30 15:34:37.373][4750806][info][main] [source/server/server.cc:434]   envoy.filters.listener: envoy.filters.listener.http_inspector, envoy.filters.listener.local_ratelimit, envoy.filters.listener.original_dst, envoy.filters.listener.original_src, envoy.filters.listener.proxy_protocol, envoy.filters.listener.tls_inspector, envoy.listener.http_inspector, envoy.listener.original_dst, envoy.listener.original_src, envoy.listener.proxy_protocol, envoy.listener.tls_inspector
[2025-06-30 15:34:37.373][4750806][info][main] [source/server/server.cc:434]   network.connection.client: default, envoy_internal
[2025-06-30 15:34:37.373][4750806][info][main] [source/server/server.cc:434]   envoy.bootstrap: envoy.bootstrap.internal_listener, envoy.bootstrap.wasm, envoy.extensions.network.socket_interface.default_socket_interface
[2025-06-30 15:34:37.373][4750806][info][main] [source/server/server.cc:434]   envoy.filters.http: envoy.bandwidth_limit, envoy.buffer, envoy.cors, envoy.csrf, envoy.ext_authz, envoy.ext_proc, envoy.fault, envoy.filters.http.adaptive_concurrency, envoy.filters.http.admission_control, envoy.filters.http.alternate_protocols_cache, envoy.filters.http.api_key_auth, envoy.filters.http.aws_lambda, envoy.filters.http.aws_request_signing, envoy.filters.http.bandwidth_limit, envoy.filters.http.basic_auth, envoy.filters.http.buffer, envoy.filters.http.cache, envoy.filters.http.cdn_loop, envoy.filters.http.composite, envoy.filters.http.compressor, envoy.filters.http.connect_grpc_bridge, envoy.filters.http.cors, envoy.filters.http.credential_injector, envoy.filters.http.csrf, envoy.filters.http.custom_response, envoy.filters.http.decompressor, envoy.filters.http.dynamic_forward_proxy, envoy.filters.http.ext_authz, envoy.filters.http.ext_proc, envoy.filters.http.fault, envoy.filters.http.file_system_buffer, envoy.filters.http.gcp_authn, envoy.filters.http.geoip, envoy.filters.http.grpc_field_extraction, envoy.filters.http.grpc_http1_bridge, envoy.filters.http.grpc_http1_reverse_bridge, envoy.filters.http.grpc_json_reverse_transcoder, envoy.filters.http.grpc_json_transcoder, envoy.filters.http.grpc_stats, envoy.filters.http.grpc_web, envoy.filters.http.header_mutation, envoy.filters.http.header_to_metadata, envoy.filters.http.health_check, envoy.filters.http.ip_tagging, envoy.filters.http.json_to_metadata, envoy.filters.http.jwt_authn, envoy.filters.http.local_ratelimit, envoy.filters.http.lua, envoy.filters.http.match_delegate, envoy.filters.http.oauth2, envoy.filters.http.on_demand, envoy.filters.http.original_src, envoy.filters.http.proto_message_extraction, envoy.filters.http.rate_limit_quota, envoy.filters.http.ratelimit, envoy.filters.http.rbac, envoy.filters.http.router, envoy.filters.http.set_filter_state, envoy.filters.http.set_metadata, envoy.filters.http.stateful_session, envoy.filters.http.tap, envoy.filters.http.thrift_to_metadata, envoy.filters.http.wasm, envoy.geoip, envoy.grpc_http1_bridge, envoy.grpc_json_transcoder, envoy.grpc_web, envoy.health_check, envoy.ip_tagging, envoy.local_rate_limit, envoy.lua, envoy.rate_limit, envoy.router
[2025-06-30 15:34:37.373][4750806][info][main] [source/server/server.cc:434]   envoy.rate_limit_descriptors: envoy.rate_limit_descriptors.expr
[2025-06-30 15:34:37.373][4750806][info][main] [source/server/server.cc:434]   envoy.health_check.event_sinks: envoy.health_check.event_sink.file
[2025-06-30 15:34:37.373][4750806][info][main] [source/server/server.cc:434]   envoy.listener_manager_impl: envoy.listener_manager_impl.default, envoy.listener_manager_impl.validation
[2025-06-30 15:34:37.373][4750806][info][main] [source/server/server.cc:434]   envoy.transport_sockets.upstream: envoy.transport_sockets.alts, envoy.transport_sockets.http_11_proxy, envoy.transport_sockets.internal_upstream, envoy.transport_sockets.quic, envoy.transport_sockets.raw_buffer, envoy.transport_sockets.starttls, envoy.transport_sockets.tap, envoy.transport_sockets.tcp_stats, envoy.transport_sockets.tls, envoy.transport_sockets.upstream_proxy_protocol, raw_buffer, starttls, tls
[2025-06-30 15:34:37.373][4750806][info][main] [source/server/server.cc:434]   filter_state.object: envoy.filters.listener.original_dst.local_ip, envoy.filters.listener.original_dst.remote_ip, envoy.network.application_protocols, envoy.network.transport_socket.original_dst_address, envoy.network.upstream_server_name, envoy.network.upstream_subject_alt_names, envoy.ratelimit.hits_addend, envoy.string, envoy.tcp_proxy.cluster, envoy.tcp_proxy.disable_tunneling, envoy.tcp_proxy.per_connection_idle_timeout_ms, envoy.upstream.dynamic_host, envoy.upstream.dynamic_port
[2025-06-30 15:34:37.373][4750806][info][main] [source/server/server.cc:434]   envoy.http.stateful_header_formatters: envoy.http.stateful_header_formatters.preserve_case, preserve_case
[2025-06-30 15:34:37.373][4750806][info][main] [source/server/server.cc:434]   envoy.quic.proof_source: envoy.quic.proof_source.filter_chain
[2025-06-30 15:34:37.373][4750806][info][main] [source/server/server.cc:434]   envoy.matching.input_matchers: envoy.matching.input_matchers.generic_request_matcher, envoy.matching.matchers.cel_matcher, envoy.matching.matchers.consistent_hashing, envoy.matching.matchers.ip, envoy.matching.matchers.metadata_matcher, envoy.matching.matchers.runtime_fraction
[2025-06-30 15:34:37.373][4750806][info][main] [source/server/server.cc:434]   envoy.srds_factory: envoy.srds_factory.default
[2025-06-30 15:34:37.373][4750806][info][main] [source/server/server.cc:434]   envoy.quic.connection_debug_visitor: envoy.quic.connection_debug_visitor.basic, envoy.quic.connection_debug_visitor.quic_stats
[2025-06-30 15:34:37.373][4750806][info][main] [source/server/server.cc:434]   envoy.dubbo_proxy.protocols: dubbo
[2025-06-30 15:34:37.373][4750806][info][main] [source/server/server.cc:434]   envoy.thrift_proxy.filters: envoy.filters.thrift.header_to_metadata, envoy.filters.thrift.payload_to_metadata, envoy.filters.thrift.rate_limit, envoy.filters.thrift.router
[2025-06-30 15:34:37.373][4750806][info][main] [source/server/server.cc:434]   envoy.generic_proxy.access_loggers: envoy.generic_proxy.access_loggers.file
[2025-06-30 15:34:37.373][4750806][info][main] [source/server/server.cc:434]   envoy.dubbo_proxy.filters: envoy.filters.dubbo.router
[2025-06-30 15:34:37.373][4750806][info][main] [source/server/server.cc:434]   envoy.common.key_value: envoy.key_value.file_based
[2025-06-30 15:34:37.373][4750806][info][main] [source/server/server.cc:434]   envoy.geoip_providers: envoy.geoip_providers.maxmind
[2025-06-30 15:34:37.373][4750806][info][main] [source/server/server.cc:434]   envoy.router.cluster_specifier_plugin: envoy.router.cluster_specifier_plugin.lua
[2025-06-30 15:34:37.373][4750806][info][main] [source/server/server.cc:434]   envoy.resource_monitors: envoy.resource_monitors.cpu_utilization, envoy.resource_monitors.fixed_heap, envoy.resource_monitors.injected_resource
[2025-06-30 15:34:37.373][4750806][info][main] [source/server/server.cc:434]   envoy.tracers: envoy.tracers.datadog, envoy.tracers.opentelemetry, envoy.tracers.skywalking, envoy.tracers.xray, envoy.tracers.zipkin, envoy.zipkin
[2025-06-30 15:34:37.373][4750806][info][main] [source/server/server.cc:434]   envoy.built_in_formatters.http: envoy.built_in_formatters.http.default
[2025-06-30 15:34:37.373][4750806][info][main] [source/server/server.cc:434]   envoy.retry_host_predicates: envoy.retry_host_predicates.omit_canary_hosts, envoy.retry_host_predicates.omit_host_metadata, envoy.retry_host_predicates.previous_hosts
[2025-06-30 15:34:37.373][4750806][info][main] [source/server/server.cc:434]   envoy.internal_redirect_predicates: envoy.internal_redirect_predicates.allow_listed_routes, envoy.internal_redirect_predicates.previous_routes, envoy.internal_redirect_predicates.safe_cross_scheme
[2025-06-30 15:34:37.373][4750806][info][main] [source/server/server.cc:434]   envoy.grpc_credentials: envoy.grpc_credentials.aws_iam, envoy.grpc_credentials.default, envoy.grpc_credentials.file_based_metadata
[2025-06-30 15:34:37.373][4750806][info][main] [source/server/server.cc:434]   envoy.wasm.runtime: envoy.wasm.runtime.null
[2025-06-30 15:34:37.373][4750806][info][main] [source/server/server.cc:434]   envoy.compression.decompressor: envoy.compression.brotli.decompressor, envoy.compression.gzip.decompressor, envoy.compression.zstd.decompressor
[2025-06-30 15:34:37.373][4750806][info][main] [source/server/server.cc:434]   envoy.request_id: envoy.request_id.uuid
[2025-06-30 15:34:37.373][4750806][info][main] [source/server/server.cc:434]   envoy.guarddog_actions: envoy.watchdog.abort_action, envoy.watchdog.profile_action
[2025-06-30 15:34:37.373][4750806][info][main] [source/server/server.cc:434]   envoy.matching.network.custom_matchers: envoy.matching.custom_matchers.trie_matcher
[2025-06-30 15:34:37.373][4750806][info][main] [source/server/server.cc:434]   envoy.matching.action: envoy.matching.actions.format_string, filter-chain-name
[2025-06-30 15:34:37.373][4750806][info][main] [source/server/server.cc:434]   envoy.compression.compressor: envoy.compression.brotli.compressor, envoy.compression.gzip.compressor, envoy.compression.zstd.compressor
[2025-06-30 15:34:37.373][4750806][info][main] [source/server/server.cc:434]   envoy.thrift_proxy.protocols: auto, binary, binary/non-strict, compact, twitter
[2025-06-30 15:34:37.373][4750806][info][main] [source/server/server.cc:434]   envoy.tracers.opentelemetry.resource_detectors: envoy.tracers.opentelemetry.resource_detectors.dynatrace, envoy.tracers.opentelemetry.resource_detectors.environment, envoy.tracers.opentelemetry.resource_detectors.static_config
[2025-06-30 15:34:37.373][4750806][info][main] [source/server/server.cc:434]   envoy.tls.cert_validator: envoy.tls.cert_validator.default, envoy.tls.cert_validator.spiffe
[2025-06-30 15:34:37.373][4750806][info][main] [source/server/server.cc:434]   envoy.generic_proxy.codecs: envoy.generic_proxy.codecs.dubbo, envoy.generic_proxy.codecs.http1
[2025-06-30 15:34:37.373][4750806][info][main] [source/server/server.cc:434]   envoy.upstream.local_address_selector: envoy.upstream.local_address_selector.default_local_address_selector
[2025-06-30 15:34:37.373][4750806][info][main] [source/server/server.cc:434]   envoy.built_in_formatters.stream_info: envoy.built_in_formatters.stream_info.default
[2025-06-30 15:34:37.373][4750806][info][main] [source/server/server.cc:434]   envoy.rbac.matchers: envoy.rbac.matchers.upstream_ip_port
[2025-06-30 15:34:37.373][4750806][info][main] [source/server/server.cc:434]   envoy.health_checkers: envoy.health_checkers.grpc, envoy.health_checkers.http, envoy.health_checkers.redis, envoy.health_checkers.tcp, envoy.health_checkers.thrift
[2025-06-30 15:34:37.373][4750806][info][main] [source/server/server.cc:434]   envoy.matching.generic_proxy_request_input.input: envoy.matching.generic_proxy.input.host, envoy.matching.generic_proxy.input.method, envoy.matching.generic_proxy.input.path, envoy.matching.generic_proxy.input.property, envoy.matching.generic_proxy.input.request, envoy.matching.generic_proxy.input.service
[2025-06-30 15:34:37.373][4750806][info][main] [source/server/server.cc:434]   envoy.http.early_header_mutation: envoy.http.early_header_mutation.header_mutation
[2025-06-30 15:34:37.373][4750806][info][main] [source/server/server.cc:434]   envoy.dubbo_proxy.serializers: dubbo.hessian2
[2025-06-30 15:34:37.373][4750806][info][main] [source/server/server.cc:434]   envoy.connection_handler: envoy.connection_handler.default
[2025-06-30 15:34:37.373][4750806][info][main] [source/server/server.cc:434]   envoy.rds_factory: envoy.rds_factory.default
[2025-06-30 15:34:37.373][4750806][info][main] [source/server/server.cc:434]   envoy.filters.udp.session: envoy.filters.udp.session.dynamic_forward_proxy, envoy.filters.udp.session.http_capsule
[2025-06-30 15:34:37.373][4750806][info][main] [source/server/server.cc:434]   envoy.path.rewrite: envoy.path.rewrite.uri_template.uri_template_rewriter
[2025-06-30 15:34:37.373][4750806][info][main] [source/server/server.cc:434]   envoy.matching.http.custom_matchers: envoy.matching.custom_matchers.trie_matcher
[2025-06-30 15:34:37.373][4750806][info][main] [source/server/server.cc:434]   envoy.stats_sinks: envoy.dog_statsd, envoy.graphite_statsd, envoy.metrics_service, envoy.open_telemetry_stat_sink, envoy.stat_sinks.dog_statsd, envoy.stat_sinks.graphite_statsd, envoy.stat_sinks.hystrix, envoy.stat_sinks.metrics_service, envoy.stat_sinks.open_telemetry, envoy.stat_sinks.statsd, envoy.stat_sinks.wasm, envoy.statsd
[2025-06-30 15:34:37.373][4750806][info][main] [source/server/server.cc:434]   envoy.matching.network.input: envoy.matching.inputs.application_protocol, envoy.matching.inputs.destination_ip, envoy.matching.inputs.destination_port, envoy.matching.inputs.direct_source_ip, envoy.matching.inputs.dns_san, envoy.matching.inputs.filter_state, envoy.matching.inputs.server_name, envoy.matching.inputs.source_ip, envoy.matching.inputs.source_port, envoy.matching.inputs.source_type, envoy.matching.inputs.subject, envoy.matching.inputs.transport_protocol, envoy.matching.inputs.uri_san
[2025-06-30 15:34:37.379][4750806][info][main] [source/server/server.cc:494] HTTP header map info:
[2025-06-30 15:34:37.380][4750806][info][main] [source/server/server.cc:497]   request header map: 656 bytes: :authority,:method,:path,:protocol,:scheme,accept,accept-encoding,access-control-request-headers,access-control-request-method,access-control-request-private-network,authentication,authorization,cache-control,cdn-loop,connection,content-encoding,content-length,content-type,expect,grpc-accept-encoding,grpc-timeout,if-match,if-modified-since,if-none-match,if-range,if-unmodified-since,keep-alive,origin,pragma,proxy-connection,proxy-status,referer,te,transfer-encoding,upgrade,user-agent,via,x-client-trace-id,x-envoy-attempt-count,x-envoy-decorator-operation,x-envoy-downstream-service-cluster,x-envoy-downstream-service-node,x-envoy-expected-rq-timeout-ms,x-envoy-external-address,x-envoy-force-trace,x-envoy-hedge-on-per-try-timeout,x-envoy-internal,x-envoy-ip-tags,x-envoy-is-timeout-retry,x-envoy-max-retries,x-envoy-original-path,x-envoy-original-url,x-envoy-retriable-header-names,x-envoy-retriable-status-codes,x-envoy-retry-grpc-on,x-envoy-retry-on,x-envoy-upstream-alt-stat-name,x-envoy-upstream-rq-per-try-timeout-ms,x-envoy-upstream-rq-timeout-alt-response,x-envoy-upstream-rq-timeout-ms,x-envoy-upstream-stream-duration-ms,x-forwarded-client-cert,x-forwarded-for,x-forwarded-host,x-forwarded-port,x-forwarded-proto,x-request-id
[2025-06-30 15:34:37.380][4750806][info][main] [source/server/server.cc:497]   request trailer map: 120 bytes: 
[2025-06-30 15:34:37.380][4750806][info][main] [source/server/server.cc:497]   response header map: 432 bytes: :status,access-control-allow-credentials,access-control-allow-headers,access-control-allow-methods,access-control-allow-origin,access-control-allow-private-network,access-control-expose-headers,access-control-max-age,age,cache-control,connection,content-encoding,content-length,content-type,date,etag,expires,grpc-message,grpc-status,keep-alive,last-modified,location,proxy-connection,proxy-status,server,transfer-encoding,upgrade,vary,via,x-envoy-attempt-count,x-envoy-decorator-operation,x-envoy-degraded,x-envoy-immediate-health-check-fail,x-envoy-ratelimited,x-envoy-upstream-canary,x-envoy-upstream-healthchecked-cluster,x-envoy-upstream-service-time,x-request-id
[2025-06-30 15:34:37.380][4750806][info][main] [source/server/server.cc:497]   response trailer map: 144 bytes: grpc-message,grpc-status
[2025-06-30 15:34:37.385][4750806][info][main] [source/server/server.cc:890] runtime: {}
[2025-06-30 15:34:37.385][4750806][info][main] [source/server/server.cc:728] Starting admin HTTP server at 127.0.0.1:9902
[2025-06-30 15:34:37.385][4750806][info][admin] [source/server/admin/admin.cc:65] admin address: 127.0.0.1:9902
[2025-06-30 15:34:37.385][4750806][info][config] [source/server/configuration_impl.cc:173] loading tracing configuration
[2025-06-30 15:34:37.385][4750806][info][config] [source/server/configuration_impl.cc:124] loading 0 static secret(s)
[2025-06-30 15:34:37.385][4750806][info][config] [source/server/configuration_impl.cc:130] loading 2 cluster(s)
[2025-06-30 15:34:37.387][4750806][info][config] [source/server/configuration_impl.cc:140] loading 1 listener(s)
[2025-06-30 15:34:37.388][4750806][warning][config] [source/common/listener_manager/listener_impl.cc:1121] reuse_port was configured for TCP listener 'listener_0' and is being force disabled because Envoy is not running on Linux. See the documentation for more information.
[2025-06-30 15:34:37.391][4750806][info][config] [source/server/configuration_impl.cc:156] loading stats configuration
[2025-06-30 15:34:37.391][4750806][warning][main] [source/server/server.cc:959] There is no configured limit to the number of allowed active downstream connections. Configure a limit in `envoy.resource_monitors.global_downstream_max_connections` resource monitor.
[2025-06-30 15:34:37.391][4750806][info][main] [source/server/server.cc:1001] starting main dispatch loop
[2025-06-30 15:34:37.391][4750806][info][runtime] [source/common/runtime/runtime_impl.cc:632] RTDS has finished initialization
[2025-06-30 15:34:37.391][4750806][info][upstream] [source/common/upstream/cluster_manager_impl.cc:265] cm init: all clusters initialized
[2025-06-30 15:34:37.391][4750806][info][main] [source/server/server.cc:981] all clusters initialized. initializing init manager
[2025-06-30 15:34:37.391][4750806][info][config] [source/common/listener_manager/listener_manager_impl.cc:944] all dependencies initialized. starting workers
[2025-06-30 15:36:01.272][4750806][warning][main] [source/server/server.cc:933] caught SIGINT
[2025-06-30 15:36:01.274][4750806][info][main] [source/server/server.cc:1069] shutting down server instance
[2025-06-30 15:36:01.274][4750806][info][main] [source/server/server.cc:1009] main dispatch loop exited
[2025-06-30 15:36:01.289][4750806][info][main] [source/server/server.cc:1061] exiting
[2025-06-30 15:36:02.257][4752692][info][main] [source/server/server.cc:430] initializing epoch 0 (base id=0, hot restart version=disabled)
[2025-06-30 15:36:02.258][4752692][info][main] [source/server/server.cc:432] statically linked extensions:
[2025-06-30 15:36:02.258][4752692][info][main] [source/server/server.cc:434]   envoy.upstreams: envoy.filters.connection_pools.tcp.generic
[2025-06-30 15:36:02.259][4752692][info][main] [source/server/server.cc:434]   envoy.built_in_formatters.generic_proxy: envoy.built_in_formatters.generic_poxy.default
[2025-06-30 15:36:02.259][4752692][info][main] [source/server/server.cc:434]   envoy.filters.network: envoy.echo, envoy.ext_authz, envoy.filters.network.connection_limit, envoy.filters.network.direct_response, envoy.filters.network.dubbo_proxy, envoy.filters.network.echo, envoy.filters.network.ext_authz, envoy.filters.network.generic_proxy, envoy.filters.network.http_connection_manager, envoy.filters.network.local_ratelimit, envoy.filters.network.mongo_proxy, envoy.filters.network.ratelimit, envoy.filters.network.rbac, envoy.filters.network.redis_proxy, envoy.filters.network.set_filter_state, envoy.filters.network.sni_cluster, envoy.filters.network.sni_dynamic_forward_proxy, envoy.filters.network.tcp_proxy, envoy.filters.network.thrift_proxy, envoy.filters.network.wasm, envoy.filters.network.zookeeper_proxy, envoy.http_connection_manager, envoy.mongo_proxy, envoy.ratelimit, envoy.redis_proxy, envoy.tcp_proxy
[2025-06-30 15:36:02.259][4752692][info][main] [source/server/server.cc:434]   envoy.health_check.event_sinks: envoy.health_check.event_sink.file
[2025-06-30 15:36:02.259][4752692][info][main] [source/server/server.cc:434]   envoy.compression.decompressor: envoy.compression.brotli.decompressor, envoy.compression.gzip.decompressor, envoy.compression.zstd.decompressor
[2025-06-30 15:36:02.259][4752692][info][main] [source/server/server.cc:434]   envoy.config.validators: envoy.config.validators.minimum_clusters, envoy.config.validators.minimum_clusters_validator
[2025-06-30 15:36:02.259][4752692][info][main] [source/server/server.cc:434]   envoy.tracers.opentelemetry.samplers: envoy.tracers.opentelemetry.samplers.always_on, envoy.tracers.opentelemetry.samplers.dynatrace
[2025-06-30 15:36:02.259][4752692][info][main] [source/server/server.cc:434]   envoy.retry_host_predicates: envoy.retry_host_predicates.omit_canary_hosts, envoy.retry_host_predicates.omit_host_metadata, envoy.retry_host_predicates.previous_hosts
[2025-06-30 15:36:02.259][4752692][info][main] [source/server/server.cc:434]   envoy.guarddog_actions: envoy.watchdog.abort_action, envoy.watchdog.profile_action
[2025-06-30 15:36:02.259][4752692][info][main] [source/server/server.cc:434]   envoy.dubbo_proxy.protocols: dubbo
[2025-06-30 15:36:02.259][4752692][info][main] [source/server/server.cc:434]   envoy.generic_proxy.filters: envoy.filters.generic.router
[2025-06-30 15:36:02.259][4752692][info][main] [source/server/server.cc:434]   envoy.resolvers: envoy.ip
[2025-06-30 15:36:02.259][4752692][info][main] [source/server/server.cc:434]   envoy.generic_proxy.access_loggers: envoy.generic_proxy.access_loggers.file
[2025-06-30 15:36:02.259][4752692][info][main] [source/server/server.cc:434]   envoy.dubbo_proxy.serializers: dubbo.hessian2
[2025-06-30 15:36:02.259][4752692][info][main] [source/server/server.cc:434]   envoy.filters.http: envoy.bandwidth_limit, envoy.buffer, envoy.cors, envoy.csrf, envoy.ext_authz, envoy.ext_proc, envoy.fault, envoy.filters.http.adaptive_concurrency, envoy.filters.http.admission_control, envoy.filters.http.alternate_protocols_cache, envoy.filters.http.api_key_auth, envoy.filters.http.aws_lambda, envoy.filters.http.aws_request_signing, envoy.filters.http.bandwidth_limit, envoy.filters.http.basic_auth, envoy.filters.http.buffer, envoy.filters.http.cache, envoy.filters.http.cdn_loop, envoy.filters.http.composite, envoy.filters.http.compressor, envoy.filters.http.connect_grpc_bridge, envoy.filters.http.cors, envoy.filters.http.credential_injector, envoy.filters.http.csrf, envoy.filters.http.custom_response, envoy.filters.http.decompressor, envoy.filters.http.dynamic_forward_proxy, envoy.filters.http.ext_authz, envoy.filters.http.ext_proc, envoy.filters.http.fault, envoy.filters.http.file_system_buffer, envoy.filters.http.gcp_authn, envoy.filters.http.geoip, envoy.filters.http.grpc_field_extraction, envoy.filters.http.grpc_http1_bridge, envoy.filters.http.grpc_http1_reverse_bridge, envoy.filters.http.grpc_json_reverse_transcoder, envoy.filters.http.grpc_json_transcoder, envoy.filters.http.grpc_stats, envoy.filters.http.grpc_web, envoy.filters.http.header_mutation, envoy.filters.http.header_to_metadata, envoy.filters.http.health_check, envoy.filters.http.ip_tagging, envoy.filters.http.json_to_metadata, envoy.filters.http.jwt_authn, envoy.filters.http.local_ratelimit, envoy.filters.http.lua, envoy.filters.http.match_delegate, envoy.filters.http.oauth2, envoy.filters.http.on_demand, envoy.filters.http.original_src, envoy.filters.http.proto_message_extraction, envoy.filters.http.rate_limit_quota, envoy.filters.http.ratelimit, envoy.filters.http.rbac, envoy.filters.http.router, envoy.filters.http.set_filter_state, envoy.filters.http.set_metadata, envoy.filters.http.stateful_session, envoy.filters.http.tap, envoy.filters.http.thrift_to_metadata, envoy.filters.http.wasm, envoy.geoip, envoy.grpc_http1_bridge, envoy.grpc_json_transcoder, envoy.grpc_web, envoy.health_check, envoy.ip_tagging, envoy.local_rate_limit, envoy.lua, envoy.rate_limit, envoy.router
[2025-06-30 15:36:02.259][4752692][info][main] [source/server/server.cc:434]   quic.http_server_connection: quic.http_server_connection.default
[2025-06-30 15:36:02.259][4752692][info][main] [source/server/server.cc:434]   envoy.quic.connection_id_generator: envoy.quic.deterministic_connection_id_generator
[2025-06-30 15:36:02.259][4752692][info][main] [source/server/server.cc:434]   envoy.regex_engines: envoy.regex_engines.google_re2
[2025-06-30 15:36:02.259][4752692][info][main] [source/server/server.cc:434]   envoy.matching.generic_proxy_request_input.input: envoy.matching.generic_proxy.input.host, envoy.matching.generic_proxy.input.method, envoy.matching.generic_proxy.input.path, envoy.matching.generic_proxy.input.property, envoy.matching.generic_proxy.input.request, envoy.matching.generic_proxy.input.service
[2025-06-30 15:36:02.259][4752692][info][main] [source/server/server.cc:434]   envoy.formatter: envoy.formatter.cel, envoy.formatter.metadata, envoy.formatter.req_without_query
[2025-06-30 15:36:02.259][4752692][info][main] [source/server/server.cc:434]   envoy.http.header_validators: envoy.http.header_validators.envoy_default
[2025-06-30 15:36:02.259][4752692][info][main] [source/server/server.cc:434]   envoy.matching.http.custom_matchers: envoy.matching.custom_matchers.trie_matcher
[2025-06-30 15:36:02.259][4752692][info][main] [source/server/server.cc:434]   envoy.matching.input_matchers: envoy.matching.input_matchers.generic_request_matcher, envoy.matching.matchers.cel_matcher, envoy.matching.matchers.consistent_hashing, envoy.matching.matchers.ip, envoy.matching.matchers.metadata_matcher, envoy.matching.matchers.runtime_fraction
[2025-06-30 15:36:02.259][4752692][info][main] [source/server/server.cc:434]   envoy.geoip_providers: envoy.geoip_providers.maxmind
[2025-06-30 15:36:02.259][4752692][info][main] [source/server/server.cc:434]   envoy.built_in_formatters.http: envoy.built_in_formatters.http.default
[2025-06-30 15:36:02.259][4752692][info][main] [source/server/server.cc:434]   envoy.ssl.server_context_factory: envoy.ssl.server_context_factory.default
[2025-06-30 15:36:02.259][4752692][info][main] [source/server/server.cc:434]   envoy.http.cache: envoy.extensions.http.cache.file_system_http_cache, envoy.extensions.http.cache.simple
[2025-06-30 15:36:02.259][4752692][info][main] [source/server/server.cc:434]   envoy.rate_limit_descriptors: envoy.rate_limit_descriptors.expr
[2025-06-30 15:36:02.259][4752692][info][main] [source/server/server.cc:434]   envoy.bootstrap: envoy.bootstrap.internal_listener, envoy.bootstrap.wasm, envoy.extensions.network.socket_interface.default_socket_interface
[2025-06-30 15:36:02.259][4752692][info][main] [source/server/server.cc:434]   envoy.health_checkers: envoy.health_checkers.grpc, envoy.health_checkers.http, envoy.health_checkers.redis, envoy.health_checkers.tcp, envoy.health_checkers.thrift
[2025-06-30 15:36:02.259][4752692][info][main] [source/server/server.cc:434]   envoy.tracers.opentelemetry.resource_detectors: envoy.tracers.opentelemetry.resource_detectors.dynatrace, envoy.tracers.opentelemetry.resource_detectors.environment, envoy.tracers.opentelemetry.resource_detectors.static_config
[2025-06-30 15:36:02.259][4752692][info][main] [source/server/server.cc:434]   envoy.http.original_ip_detection: envoy.http.original_ip_detection.custom_header, envoy.http.original_ip_detection.xff
[2025-06-30 15:36:02.259][4752692][info][main] [source/server/server.cc:434]   envoy.dubbo_proxy.filters: envoy.filters.dubbo.router
[2025-06-30 15:36:02.259][4752692][info][main] [source/server/server.cc:434]   envoy.filters.http.upstream: envoy.buffer, envoy.ext_proc, envoy.filters.http.admission_control, envoy.filters.http.aws_lambda, envoy.filters.http.aws_request_signing, envoy.filters.http.buffer, envoy.filters.http.composite, envoy.filters.http.ext_proc, envoy.filters.http.header_mutation, envoy.filters.http.match_delegate, envoy.filters.http.upstream_codec, envoy.filters.http.wasm
[2025-06-30 15:36:02.259][4752692][info][main] [source/server/server.cc:434]   envoy.access_loggers: envoy.access_loggers.file, envoy.access_loggers.fluentd, envoy.access_loggers.http_grpc, envoy.access_loggers.open_telemetry, envoy.access_loggers.stderr, envoy.access_loggers.stdout, envoy.access_loggers.tcp_grpc, envoy.access_loggers.wasm, envoy.file_access_log, envoy.fluentd_access_log, envoy.http_grpc_access_log, envoy.open_telemetry_access_log, envoy.stderr_access_log, envoy.stdout_access_log, envoy.tcp_grpc_access_log, envoy.wasm_access_log
[2025-06-30 15:36:02.259][4752692][info][main] [source/server/server.cc:434]   envoy.path.match: envoy.path.match.uri_template.uri_template_matcher
[2025-06-30 15:36:02.259][4752692][info][main] [source/server/server.cc:434]   envoy.thrift_proxy.transports: auto, framed, header, unframed
[2025-06-30 15:36:02.259][4752692][info][main] [source/server/server.cc:434]   envoy.thrift_proxy.protocols: auto, binary, binary/non-strict, compact, twitter
[2025-06-30 15:36:02.259][4752692][info][main] [source/server/server.cc:434]   envoy.http.stateful_header_formatters: envoy.http.stateful_header_formatters.preserve_case, preserve_case
[2025-06-30 15:36:02.259][4752692][info][main] [source/server/server.cc:434]   envoy.quic.server.crypto_stream: envoy.quic.crypto_stream.server.quiche
[2025-06-30 15:36:02.259][4752692][info][main] [source/server/server.cc:434]   envoy.load_balancing_policies: envoy.load_balancing_policies.client_side_weighted_round_robin, envoy.load_balancing_policies.cluster_provided, envoy.load_balancing_policies.least_request, envoy.load_balancing_policies.maglev, envoy.load_balancing_policies.random, envoy.load_balancing_policies.ring_hash, envoy.load_balancing_policies.round_robin, envoy.load_balancing_policies.subset
[2025-06-30 15:36:02.259][4752692][info][main] [source/server/server.cc:434]   envoy.upstream_options: envoy.extensions.upstreams.http.v3.HttpProtocolOptions, envoy.extensions.upstreams.tcp.v3.TcpProtocolOptions, envoy.upstreams.http.http_protocol_options, envoy.upstreams.tcp.tcp_protocol_options
[2025-06-30 15:36:02.259][4752692][info][main] [source/server/server.cc:434]   envoy.path.rewrite: envoy.path.rewrite.uri_template.uri_template_rewriter
[2025-06-30 15:36:02.259][4752692][info][main] [source/server/server.cc:434]   envoy.matching.network.custom_matchers: envoy.matching.custom_matchers.trie_matcher
[2025-06-30 15:36:02.259][4752692][info][main] [source/server/server.cc:434]   envoy.transport_sockets.upstream: envoy.transport_sockets.alts, envoy.transport_sockets.http_11_proxy, envoy.transport_sockets.internal_upstream, envoy.transport_sockets.quic, envoy.transport_sockets.raw_buffer, envoy.transport_sockets.starttls, envoy.transport_sockets.tap, envoy.transport_sockets.tcp_stats, envoy.transport_sockets.tls, envoy.transport_sockets.upstream_proxy_protocol, raw_buffer, starttls, tls
[2025-06-30 15:36:02.259][4752692][info][main] [source/server/server.cc:434]   envoy.filters.udp_listener: envoy.filters.udp.dns_filter, envoy.filters.udp_listener.udp_proxy
[2025-06-30 15:36:02.259][4752692][info][main] [source/server/server.cc:434]   envoy.config_subscription: envoy.config_subscription.ads, envoy.config_subscription.ads_collection, envoy.config_subscription.aggregated_grpc_collection, envoy.config_subscription.delta_grpc, envoy.config_subscription.delta_grpc_collection, envoy.config_subscription.filesystem, envoy.config_subscription.filesystem_collection, envoy.config_subscription.grpc, envoy.config_subscription.rest
[2025-06-30 15:36:02.259][4752692][info][main] [source/server/server.cc:434]   envoy.built_in_formatters.stream_info: envoy.built_in_formatters.stream_info.default
[2025-06-30 15:36:02.259][4752692][info][main] [source/server/server.cc:434]   envoy.router.cluster_specifier_plugin: envoy.router.cluster_specifier_plugin.lua
[2025-06-30 15:36:02.259][4752692][info][main] [source/server/server.cc:434]   envoy.route_config_update_requester: envoy.route_config_update_requester.default
[2025-06-30 15:36:02.259][4752692][info][main] [source/server/server.cc:434]   envoy.wasm.runtime: envoy.wasm.runtime.null
[2025-06-30 15:36:02.259][4752692][info][main] [source/server/server.cc:434]   filter_state.object: envoy.filters.listener.original_dst.local_ip, envoy.filters.listener.original_dst.remote_ip, envoy.network.application_protocols, envoy.network.transport_socket.original_dst_address, envoy.network.upstream_server_name, envoy.network.upstream_subject_alt_names, envoy.ratelimit.hits_addend, envoy.string, envoy.tcp_proxy.cluster, envoy.tcp_proxy.disable_tunneling, envoy.tcp_proxy.per_connection_idle_timeout_ms, envoy.upstream.dynamic_host, envoy.upstream.dynamic_port
[2025-06-30 15:36:02.259][4752692][info][main] [source/server/server.cc:434]   envoy.http.early_header_mutation: envoy.http.early_header_mutation.header_mutation
[2025-06-30 15:36:02.259][4752692][info][main] [source/server/server.cc:434]   envoy.request_id: envoy.request_id.uuid
[2025-06-30 15:36:02.259][4752692][info][main] [source/server/server.cc:434]   envoy.matching.network.input: envoy.matching.inputs.application_protocol, envoy.matching.inputs.destination_ip, envoy.matching.inputs.destination_port, envoy.matching.inputs.direct_source_ip, envoy.matching.inputs.dns_san, envoy.matching.inputs.filter_state, envoy.matching.inputs.server_name, envoy.matching.inputs.source_ip, envoy.matching.inputs.source_port, envoy.matching.inputs.source_type, envoy.matching.inputs.subject, envoy.matching.inputs.transport_protocol, envoy.matching.inputs.uri_san
[2025-06-30 15:36:02.259][4752692][info][main] [source/server/server.cc:434]   envoy.http.stateful_session: envoy.http.stateful_session.cookie, envoy.http.stateful_session.header
[2025-06-30 15:36:02.259][4752692][info][main] [source/server/server.cc:434]   envoy.http.custom_response: envoy.extensions.http.custom_response.local_response_policy, envoy.extensions.http.custom_response.redirect_policy
[2025-06-30 15:36:02.259][4752692][info][main] [source/server/server.cc:434]   envoy.route.early_data_policy: envoy.route.early_data_policy.default
[2025-06-30 15:36:02.259][4752692][info][main] [source/server/server.cc:434]   envoy.tracers: envoy.tracers.datadog, envoy.tracers.opentelemetry, envoy.tracers.skywalking, envoy.tracers.xray, envoy.tracers.zipkin, envoy.zipkin
[2025-06-30 15:36:02.259][4752692][info][main] [source/server/server.cc:434]   envoy.internal_redirect_predicates: envoy.internal_redirect_predicates.allow_listed_routes, envoy.internal_redirect_predicates.previous_routes, envoy.internal_redirect_predicates.safe_cross_scheme
[2025-06-30 15:36:02.259][4752692][info][main] [source/server/server.cc:434]   envoy.quic.server_preferred_address: quic.server_preferred_address.datasource, quic.server_preferred_address.fixed
[2025-06-30 15:36:02.259][4752692][info][main] [source/server/server.cc:434]   envoy.udp_packet_writer: envoy.udp_packet_writer.default
[2025-06-30 15:36:02.259][4752692][info][main] [source/server/server.cc:434]   envoy.config_mux: envoy.config_mux.delta_grpc_mux_factory, envoy.config_mux.grpc_mux_factory, envoy.config_mux.new_grpc_mux_factory, envoy.config_mux.sotw_grpc_mux_factory
[2025-06-30 15:36:02.259][4752692][info][main] [source/server/server.cc:434]   envoy.matching.action: envoy.matching.actions.format_string, filter-chain-name
[2025-06-30 15:36:02.259][4752692][info][main] [source/server/server.cc:434]   envoy.retry_priorities: envoy.retry_priorities.previous_priorities
[2025-06-30 15:36:02.259][4752692][info][main] [source/server/server.cc:434]   envoy.resource_monitors: envoy.resource_monitors.cpu_utilization, envoy.resource_monitors.fixed_heap, envoy.resource_monitors.injected_resource
[2025-06-30 15:36:02.259][4752692][info][main] [source/server/server.cc:434]   envoy.quic.connection_debug_visitor: envoy.quic.connection_debug_visitor.basic, envoy.quic.connection_debug_visitor.quic_stats
[2025-06-30 15:36:02.259][4752692][info][main] [source/server/server.cc:434]   envoy.tls.cert_validator: envoy.tls.cert_validator.default, envoy.tls.cert_validator.spiffe
[2025-06-30 15:36:02.259][4752692][info][main] [source/server/server.cc:434]   envoy.matching.http.input: envoy.matching.inputs.cel_data_input, envoy.matching.inputs.destination_ip, envoy.matching.inputs.destination_port, envoy.matching.inputs.direct_source_ip, envoy.matching.inputs.dns_san, envoy.matching.inputs.dynamic_metadata, envoy.matching.inputs.filter_state, envoy.matching.inputs.request_headers, envoy.matching.inputs.request_trailers, envoy.matching.inputs.response_headers, envoy.matching.inputs.response_trailers, envoy.matching.inputs.server_name, envoy.matching.inputs.source_ip, envoy.matching.inputs.source_port, envoy.matching.inputs.source_type, envoy.matching.inputs.status_code_class_input, envoy.matching.inputs.status_code_input, envoy.matching.inputs.subject, envoy.matching.inputs.uri_san, query_params
[2025-06-30 15:36:02.259][4752692][info][main] [source/server/server.cc:434]   envoy.stats_sinks: envoy.dog_statsd, envoy.graphite_statsd, envoy.metrics_service, envoy.open_telemetry_stat_sink, envoy.stat_sinks.dog_statsd, envoy.stat_sinks.graphite_statsd, envoy.stat_sinks.hystrix, envoy.stat_sinks.metrics_service, envoy.stat_sinks.open_telemetry, envoy.stat_sinks.statsd, envoy.stat_sinks.wasm, envoy.statsd
[2025-06-30 15:36:02.259][4752692][info][main] [source/server/server.cc:434]   envoy.grpc_credentials: envoy.grpc_credentials.aws_iam, envoy.grpc_credentials.default, envoy.grpc_credentials.file_based_metadata
[2025-06-30 15:36:02.259][4752692][info][main] [source/server/server.cc:434]   envoy.matching.common_inputs: envoy.matching.common_inputs.environment_variable
[2025-06-30 15:36:02.259][4752692][info][main] [source/server/server.cc:434]   envoy.rbac.matchers: envoy.rbac.matchers.upstream_ip_port
[2025-06-30 15:36:02.259][4752692][info][main] [source/server/server.cc:434]   envoy.connection_handler: envoy.connection_handler.default
[2025-06-30 15:36:02.259][4752692][info][main] [source/server/server.cc:434]   envoy.quic.proof_source: envoy.quic.proof_source.filter_chain
[2025-06-30 15:36:02.259][4752692][info][main] [source/server/server.cc:434]   envoy.filters.listener: envoy.filters.listener.http_inspector, envoy.filters.listener.local_ratelimit, envoy.filters.listener.original_dst, envoy.filters.listener.original_src, envoy.filters.listener.proxy_protocol, envoy.filters.listener.tls_inspector, envoy.listener.http_inspector, envoy.listener.original_dst, envoy.listener.original_src, envoy.listener.proxy_protocol, envoy.listener.tls_inspector
[2025-06-30 15:36:02.259][4752692][info][main] [source/server/server.cc:434]   envoy.filters.udp.session: envoy.filters.udp.session.dynamic_forward_proxy, envoy.filters.udp.session.http_capsule
[2025-06-30 15:36:02.259][4752692][info][main] [source/server/server.cc:434]   envoy.compression.compressor: envoy.compression.brotli.compressor, envoy.compression.gzip.compressor, envoy.compression.zstd.compressor
[2025-06-30 15:36:02.259][4752692][info][main] [source/server/server.cc:434]   envoy.network.dns_resolver: envoy.network.dns_resolver.apple, envoy.network.dns_resolver.cares, envoy.network.dns_resolver.getaddrinfo
[2025-06-30 15:36:02.259][4752692][info][main] [source/server/server.cc:434]   envoy.http.injected_credentials: envoy.http.injected_credentials.generic, envoy.http.injected_credentials.oauth2
[2025-06-30 15:36:02.259][4752692][info][main] [source/server/server.cc:434]   envoy.transport_sockets.downstream: envoy.transport_sockets.alts, envoy.transport_sockets.quic, envoy.transport_sockets.raw_buffer, envoy.transport_sockets.starttls, envoy.transport_sockets.tap, envoy.transport_sockets.tcp_stats, envoy.transport_sockets.tls, raw_buffer, starttls, tls
[2025-06-30 15:36:02.259][4752692][info][main] [source/server/server.cc:434]   envoy.thrift_proxy.filters: envoy.filters.thrift.header_to_metadata, envoy.filters.thrift.payload_to_metadata, envoy.filters.thrift.rate_limit, envoy.filters.thrift.router
[2025-06-30 15:36:02.259][4752692][info][main] [source/server/server.cc:434]   envoy.common.key_value: envoy.key_value.file_based
[2025-06-30 15:36:02.259][4752692][info][main] [source/server/server.cc:434]   envoy.srds_factory: envoy.srds_factory.default
[2025-06-30 15:36:02.259][4752692][info][main] [source/server/server.cc:434]   envoy.generic_proxy.codecs: envoy.generic_proxy.codecs.dubbo, envoy.generic_proxy.codecs.http1
[2025-06-30 15:36:02.259][4752692][info][main] [source/server/server.cc:434]   envoy.rds_factory: envoy.rds_factory.default
[2025-06-30 15:36:02.259][4752692][info][main] [source/server/server.cc:434]   envoy.string_matcher: envoy.string_matcher.lua
[2025-06-30 15:36:02.259][4752692][info][main] [source/server/server.cc:434]   network.connection.client: default, envoy_internal
[2025-06-30 15:36:02.259][4752692][info][main] [source/server/server.cc:434]   envoy.upstream.local_address_selector: envoy.upstream.local_address_selector.default_local_address_selector
[2025-06-30 15:36:02.259][4752692][info][main] [source/server/server.cc:434]   envoy.access_loggers.extension_filters: envoy.access_loggers.extension_filters.cel
[2025-06-30 15:36:02.259][4752692][info][main] [source/server/server.cc:434]   envoy.listener_manager_impl: envoy.listener_manager_impl.default, envoy.listener_manager_impl.validation
[2025-06-30 15:36:02.259][4752692][info][main] [source/server/server.cc:434]   envoy.clusters: envoy.cluster.dns, envoy.cluster.eds, envoy.cluster.logical_dns, envoy.cluster.original_dst, envoy.cluster.static, envoy.cluster.strict_dns, envoy.clusters.aggregate, envoy.clusters.dynamic_forward_proxy, envoy.clusters.redis
[2025-06-30 15:36:02.265][4752692][info][main] [source/server/server.cc:494] HTTP header map info:
[2025-06-30 15:36:02.267][4752692][info][main] [source/server/server.cc:497]   request header map: 656 bytes: :authority,:method,:path,:protocol,:scheme,accept,accept-encoding,access-control-request-headers,access-control-request-method,access-control-request-private-network,authentication,authorization,cache-control,cdn-loop,connection,content-encoding,content-length,content-type,expect,grpc-accept-encoding,grpc-timeout,if-match,if-modified-since,if-none-match,if-range,if-unmodified-since,keep-alive,origin,pragma,proxy-connection,proxy-status,referer,te,transfer-encoding,upgrade,user-agent,via,x-client-trace-id,x-envoy-attempt-count,x-envoy-decorator-operation,x-envoy-downstream-service-cluster,x-envoy-downstream-service-node,x-envoy-expected-rq-timeout-ms,x-envoy-external-address,x-envoy-force-trace,x-envoy-hedge-on-per-try-timeout,x-envoy-internal,x-envoy-ip-tags,x-envoy-is-timeout-retry,x-envoy-max-retries,x-envoy-original-path,x-envoy-original-url,x-envoy-retriable-header-names,x-envoy-retriable-status-codes,x-envoy-retry-grpc-on,x-envoy-retry-on,x-envoy-upstream-alt-stat-name,x-envoy-upstream-rq-per-try-timeout-ms,x-envoy-upstream-rq-timeout-alt-response,x-envoy-upstream-rq-timeout-ms,x-envoy-upstream-stream-duration-ms,x-forwarded-client-cert,x-forwarded-for,x-forwarded-host,x-forwarded-port,x-forwarded-proto,x-request-id
[2025-06-30 15:36:02.267][4752692][info][main] [source/server/server.cc:497]   request trailer map: 120 bytes: 
[2025-06-30 15:36:02.267][4752692][info][main] [source/server/server.cc:497]   response header map: 432 bytes: :status,access-control-allow-credentials,access-control-allow-headers,access-control-allow-methods,access-control-allow-origin,access-control-allow-private-network,access-control-expose-headers,access-control-max-age,age,cache-control,connection,content-encoding,content-length,content-type,date,etag,expires,grpc-message,grpc-status,keep-alive,last-modified,location,proxy-connection,proxy-status,server,transfer-encoding,upgrade,vary,via,x-envoy-attempt-count,x-envoy-decorator-operation,x-envoy-degraded,x-envoy-immediate-health-check-fail,x-envoy-ratelimited,x-envoy-upstream-canary,x-envoy-upstream-healthchecked-cluster,x-envoy-upstream-service-time,x-request-id
[2025-06-30 15:36:02.267][4752692][info][main] [source/server/server.cc:497]   response trailer map: 144 bytes: grpc-message,grpc-status
[2025-06-30 15:36:02.273][4752692][info][main] [source/server/server.cc:890] runtime: {}
[2025-06-30 15:36:02.273][4752692][info][main] [source/server/server.cc:728] Starting admin HTTP server at 127.0.0.1:9902
[2025-06-30 15:36:02.273][4752692][info][admin] [source/server/admin/admin.cc:65] admin address: 127.0.0.1:9902
[2025-06-30 15:36:02.273][4752692][info][config] [source/server/configuration_impl.cc:173] loading tracing configuration
[2025-06-30 15:36:02.273][4752692][info][config] [source/server/configuration_impl.cc:124] loading 0 static secret(s)
[2025-06-30 15:36:02.273][4752692][info][config] [source/server/configuration_impl.cc:130] loading 2 cluster(s)
[2025-06-30 15:36:02.279][4752692][info][config] [source/server/configuration_impl.cc:140] loading 1 listener(s)
[2025-06-30 15:36:02.280][4752692][warning][config] [source/common/listener_manager/listener_impl.cc:1121] reuse_port was configured for TCP listener 'listener_0' and is being force disabled because Envoy is not running on Linux. See the documentation for more information.
[2025-06-30 15:36:02.285][4752692][info][config] [source/server/configuration_impl.cc:156] loading stats configuration
[2025-06-30 15:36:02.285][4752692][warning][main] [source/server/server.cc:959] There is no configured limit to the number of allowed active downstream connections. Configure a limit in `envoy.resource_monitors.global_downstream_max_connections` resource monitor.
[2025-06-30 15:36:02.285][4752692][info][main] [source/server/server.cc:1001] starting main dispatch loop
[2025-06-30 15:36:02.286][4752692][info][runtime] [source/common/runtime/runtime_impl.cc:632] RTDS has finished initialization
[2025-06-30 15:36:02.286][4752692][info][upstream] [source/common/upstream/cluster_manager_impl.cc:265] cm init: all clusters initialized
[2025-06-30 15:36:02.286][4752692][info][main] [source/server/server.cc:981] all clusters initialized. initializing init manager
[2025-06-30 15:36:02.286][4752692][info][config] [source/common/listener_manager/listener_manager_impl.cc:944] all dependencies initialized. starting workers
[2025-06-30 15:37:34.774][4752692][warning][main] [source/server/server.cc:933] caught SIGINT
[2025-06-30 15:37:34.779][4752692][info][main] [source/server/server.cc:1069] shutting down server instance
[2025-06-30 15:37:34.779][4752692][info][main] [source/server/server.cc:1009] main dispatch loop exited
[2025-06-30 15:37:34.802][4752692][info][main] [source/server/server.cc:1061] exiting
[2025-06-30 15:37:36.386][4754931][info][main] [source/server/server.cc:430] initializing epoch 0 (base id=0, hot restart version=disabled)
[2025-06-30 15:37:36.387][4754931][info][main] [source/server/server.cc:432] statically linked extensions:
[2025-06-30 15:37:36.387][4754931][info][main] [source/server/server.cc:434]   envoy.listener_manager_impl: envoy.listener_manager_impl.default, envoy.listener_manager_impl.validation
[2025-06-30 15:37:36.387][4754931][info][main] [source/server/server.cc:434]   envoy.http.cache: envoy.extensions.http.cache.file_system_http_cache, envoy.extensions.http.cache.simple
[2025-06-30 15:37:36.387][4754931][info][main] [source/server/server.cc:434]   envoy.resolvers: envoy.ip
[2025-06-30 15:37:36.387][4754931][info][main] [source/server/server.cc:434]   envoy.upstream_options: envoy.extensions.upstreams.http.v3.HttpProtocolOptions, envoy.extensions.upstreams.tcp.v3.TcpProtocolOptions, envoy.upstreams.http.http_protocol_options, envoy.upstreams.tcp.tcp_protocol_options
[2025-06-30 15:37:36.387][4754931][info][main] [source/server/server.cc:434]   envoy.rbac.matchers: envoy.rbac.matchers.upstream_ip_port
[2025-06-30 15:37:36.387][4754931][info][main] [source/server/server.cc:434]   envoy.access_loggers.extension_filters: envoy.access_loggers.extension_filters.cel
[2025-06-30 15:37:36.387][4754931][info][main] [source/server/server.cc:434]   envoy.generic_proxy.filters: envoy.filters.generic.router
[2025-06-30 15:37:36.387][4754931][info][main] [source/server/server.cc:434]   envoy.geoip_providers: envoy.geoip_providers.maxmind
[2025-06-30 15:37:36.387][4754931][info][main] [source/server/server.cc:434]   envoy.matching.input_matchers: envoy.matching.input_matchers.generic_request_matcher, envoy.matching.matchers.cel_matcher, envoy.matching.matchers.consistent_hashing, envoy.matching.matchers.ip, envoy.matching.matchers.metadata_matcher, envoy.matching.matchers.runtime_fraction
[2025-06-30 15:37:36.387][4754931][info][main] [source/server/server.cc:434]   envoy.srds_factory: envoy.srds_factory.default
[2025-06-30 15:37:36.387][4754931][info][main] [source/server/server.cc:434]   envoy.rds_factory: envoy.rds_factory.default
[2025-06-30 15:37:36.387][4754931][info][main] [source/server/server.cc:434]   envoy.bootstrap: envoy.bootstrap.internal_listener, envoy.bootstrap.wasm, envoy.extensions.network.socket_interface.default_socket_interface
[2025-06-30 15:37:36.388][4754931][info][main] [source/server/server.cc:434]   envoy.matching.http.custom_matchers: envoy.matching.custom_matchers.trie_matcher
[2025-06-30 15:37:36.388][4754931][info][main] [source/server/server.cc:434]   envoy.filters.listener: envoy.filters.listener.http_inspector, envoy.filters.listener.local_ratelimit, envoy.filters.listener.original_dst, envoy.filters.listener.original_src, envoy.filters.listener.proxy_protocol, envoy.filters.listener.tls_inspector, envoy.listener.http_inspector, envoy.listener.original_dst, envoy.listener.original_src, envoy.listener.proxy_protocol, envoy.listener.tls_inspector
[2025-06-30 15:37:36.388][4754931][info][main] [source/server/server.cc:434]   envoy.http.original_ip_detection: envoy.http.original_ip_detection.custom_header, envoy.http.original_ip_detection.xff
[2025-06-30 15:37:36.388][4754931][info][main] [source/server/server.cc:434]   envoy.matching.common_inputs: envoy.matching.common_inputs.environment_variable
[2025-06-30 15:37:36.388][4754931][info][main] [source/server/server.cc:434]   network.connection.client: default, envoy_internal
[2025-06-30 15:37:36.388][4754931][info][main] [source/server/server.cc:434]   envoy.grpc_credentials: envoy.grpc_credentials.aws_iam, envoy.grpc_credentials.default, envoy.grpc_credentials.file_based_metadata
[2025-06-30 15:37:36.388][4754931][info][main] [source/server/server.cc:434]   envoy.transport_sockets.downstream: envoy.transport_sockets.alts, envoy.transport_sockets.quic, envoy.transport_sockets.raw_buffer, envoy.transport_sockets.starttls, envoy.transport_sockets.tap, envoy.transport_sockets.tcp_stats, envoy.transport_sockets.tls, raw_buffer, starttls, tls
[2025-06-30 15:37:36.388][4754931][info][main] [source/server/server.cc:434]   envoy.request_id: envoy.request_id.uuid
[2025-06-30 15:37:36.388][4754931][info][main] [source/server/server.cc:434]   envoy.route.early_data_policy: envoy.route.early_data_policy.default
[2025-06-30 15:37:36.388][4754931][info][main] [source/server/server.cc:434]   envoy.http.header_validators: envoy.http.header_validators.envoy_default
[2025-06-30 15:37:36.388][4754931][info][main] [source/server/server.cc:434]   envoy.ssl.server_context_factory: envoy.ssl.server_context_factory.default
[2025-06-30 15:37:36.388][4754931][info][main] [source/server/server.cc:434]   envoy.config_subscription: envoy.config_subscription.ads, envoy.config_subscription.ads_collection, envoy.config_subscription.aggregated_grpc_collection, envoy.config_subscription.delta_grpc, envoy.config_subscription.delta_grpc_collection, envoy.config_subscription.filesystem, envoy.config_subscription.filesystem_collection, envoy.config_subscription.grpc, envoy.config_subscription.rest
[2025-06-30 15:37:36.388][4754931][info][main] [source/server/server.cc:434]   envoy.regex_engines: envoy.regex_engines.google_re2
[2025-06-30 15:37:36.388][4754931][info][main] [source/server/server.cc:434]   envoy.stats_sinks: envoy.dog_statsd, envoy.graphite_statsd, envoy.metrics_service, envoy.open_telemetry_stat_sink, envoy.stat_sinks.dog_statsd, envoy.stat_sinks.graphite_statsd, envoy.stat_sinks.hystrix, envoy.stat_sinks.metrics_service, envoy.stat_sinks.open_telemetry, envoy.stat_sinks.statsd, envoy.stat_sinks.wasm, envoy.statsd
[2025-06-30 15:37:36.388][4754931][info][main] [source/server/server.cc:434]   envoy.filters.http: envoy.bandwidth_limit, envoy.buffer, envoy.cors, envoy.csrf, envoy.ext_authz, envoy.ext_proc, envoy.fault, envoy.filters.http.adaptive_concurrency, envoy.filters.http.admission_control, envoy.filters.http.alternate_protocols_cache, envoy.filters.http.api_key_auth, envoy.filters.http.aws_lambda, envoy.filters.http.aws_request_signing, envoy.filters.http.bandwidth_limit, envoy.filters.http.basic_auth, envoy.filters.http.buffer, envoy.filters.http.cache, envoy.filters.http.cdn_loop, envoy.filters.http.composite, envoy.filters.http.compressor, envoy.filters.http.connect_grpc_bridge, envoy.filters.http.cors, envoy.filters.http.credential_injector, envoy.filters.http.csrf, envoy.filters.http.custom_response, envoy.filters.http.decompressor, envoy.filters.http.dynamic_forward_proxy, envoy.filters.http.ext_authz, envoy.filters.http.ext_proc, envoy.filters.http.fault, envoy.filters.http.file_system_buffer, envoy.filters.http.gcp_authn, envoy.filters.http.geoip, envoy.filters.http.grpc_field_extraction, envoy.filters.http.grpc_http1_bridge, envoy.filters.http.grpc_http1_reverse_bridge, envoy.filters.http.grpc_json_reverse_transcoder, envoy.filters.http.grpc_json_transcoder, envoy.filters.http.grpc_stats, envoy.filters.http.grpc_web, envoy.filters.http.header_mutation, envoy.filters.http.header_to_metadata, envoy.filters.http.health_check, envoy.filters.http.ip_tagging, envoy.filters.http.json_to_metadata, envoy.filters.http.jwt_authn, envoy.filters.http.local_ratelimit, envoy.filters.http.lua, envoy.filters.http.match_delegate, envoy.filters.http.oauth2, envoy.filters.http.on_demand, envoy.filters.http.original_src, envoy.filters.http.proto_message_extraction, envoy.filters.http.rate_limit_quota, envoy.filters.http.ratelimit, envoy.filters.http.rbac, envoy.filters.http.router, envoy.filters.http.set_filter_state, envoy.filters.http.set_metadata, envoy.filters.http.stateful_session, envoy.filters.http.tap, envoy.filters.http.thrift_to_metadata, envoy.filters.http.wasm, envoy.geoip, envoy.grpc_http1_bridge, envoy.grpc_json_transcoder, envoy.grpc_web, envoy.health_check, envoy.ip_tagging, envoy.local_rate_limit, envoy.lua, envoy.rate_limit, envoy.router
[2025-06-30 15:37:36.388][4754931][info][main] [source/server/server.cc:434]   envoy.built_in_formatters.generic_proxy: envoy.built_in_formatters.generic_poxy.default
[2025-06-30 15:37:36.388][4754931][info][main] [source/server/server.cc:434]   envoy.built_in_formatters.stream_info: envoy.built_in_formatters.stream_info.default
[2025-06-30 15:37:36.388][4754931][info][main] [source/server/server.cc:434]   envoy.generic_proxy.access_loggers: envoy.generic_proxy.access_loggers.file
[2025-06-30 15:37:36.388][4754931][info][main] [source/server/server.cc:434]   envoy.quic.connection_debug_visitor: envoy.quic.connection_debug_visitor.basic, envoy.quic.connection_debug_visitor.quic_stats
[2025-06-30 15:37:36.388][4754931][info][main] [source/server/server.cc:434]   envoy.access_loggers: envoy.access_loggers.file, envoy.access_loggers.fluentd, envoy.access_loggers.http_grpc, envoy.access_loggers.open_telemetry, envoy.access_loggers.stderr, envoy.access_loggers.stdout, envoy.access_loggers.tcp_grpc, envoy.access_loggers.wasm, envoy.file_access_log, envoy.fluentd_access_log, envoy.http_grpc_access_log, envoy.open_telemetry_access_log, envoy.stderr_access_log, envoy.stdout_access_log, envoy.tcp_grpc_access_log, envoy.wasm_access_log
[2025-06-30 15:37:36.388][4754931][info][main] [source/server/server.cc:434]   envoy.filters.http.upstream: envoy.buffer, envoy.ext_proc, envoy.filters.http.admission_control, envoy.filters.http.aws_lambda, envoy.filters.http.aws_request_signing, envoy.filters.http.buffer, envoy.filters.http.composite, envoy.filters.http.ext_proc, envoy.filters.http.header_mutation, envoy.filters.http.match_delegate, envoy.filters.http.upstream_codec, envoy.filters.http.wasm
[2025-06-30 15:37:36.388][4754931][info][main] [source/server/server.cc:434]   envoy.http.stateful_header_formatters: envoy.http.stateful_header_formatters.preserve_case, preserve_case
[2025-06-30 15:37:36.388][4754931][info][main] [source/server/server.cc:434]   envoy.tracers.opentelemetry.resource_detectors: envoy.tracers.opentelemetry.resource_detectors.dynatrace, envoy.tracers.opentelemetry.resource_detectors.environment, envoy.tracers.opentelemetry.resource_detectors.static_config
[2025-06-30 15:37:36.388][4754931][info][main] [source/server/server.cc:434]   envoy.filters.udp.session: envoy.filters.udp.session.dynamic_forward_proxy, envoy.filters.udp.session.http_capsule
[2025-06-30 15:37:36.388][4754931][info][main] [source/server/server.cc:434]   envoy.matching.http.input: envoy.matching.inputs.cel_data_input, envoy.matching.inputs.destination_ip, envoy.matching.inputs.destination_port, envoy.matching.inputs.direct_source_ip, envoy.matching.inputs.dns_san, envoy.matching.inputs.dynamic_metadata, envoy.matching.inputs.filter_state, envoy.matching.inputs.request_headers, envoy.matching.inputs.request_trailers, envoy.matching.inputs.response_headers, envoy.matching.inputs.response_trailers, envoy.matching.inputs.server_name, envoy.matching.inputs.source_ip, envoy.matching.inputs.source_port, envoy.matching.inputs.source_type, envoy.matching.inputs.status_code_class_input, envoy.matching.inputs.status_code_input, envoy.matching.inputs.subject, envoy.matching.inputs.uri_san, query_params
[2025-06-30 15:37:36.388][4754931][info][main] [source/server/server.cc:434]   envoy.network.dns_resolver: envoy.network.dns_resolver.apple, envoy.network.dns_resolver.cares, envoy.network.dns_resolver.getaddrinfo
[2025-06-30 15:37:36.388][4754931][info][main] [source/server/server.cc:434]   envoy.rate_limit_descriptors: envoy.rate_limit_descriptors.expr
[2025-06-30 15:37:36.388][4754931][info][main] [source/server/server.cc:434]   envoy.tls.cert_validator: envoy.tls.cert_validator.default, envoy.tls.cert_validator.spiffe
[2025-06-30 15:37:36.388][4754931][info][main] [source/server/server.cc:434]   envoy.matching.action: envoy.matching.actions.format_string, filter-chain-name
[2025-06-30 15:37:36.388][4754931][info][main] [source/server/server.cc:434]   envoy.transport_sockets.upstream: envoy.transport_sockets.alts, envoy.transport_sockets.http_11_proxy, envoy.transport_sockets.internal_upstream, envoy.transport_sockets.quic, envoy.transport_sockets.raw_buffer, envoy.transport_sockets.starttls, envoy.transport_sockets.tap, envoy.transport_sockets.tcp_stats, envoy.transport_sockets.tls, envoy.transport_sockets.upstream_proxy_protocol, raw_buffer, starttls, tls
[2025-06-30 15:37:36.388][4754931][info][main] [source/server/server.cc:434]   envoy.dubbo_proxy.filters: envoy.filters.dubbo.router
[2025-06-30 15:37:36.388][4754931][info][main] [source/server/server.cc:434]   envoy.tracers: envoy.tracers.datadog, envoy.tracers.opentelemetry, envoy.tracers.skywalking, envoy.tracers.xray, envoy.tracers.zipkin, envoy.zipkin
[2025-06-30 15:37:36.388][4754931][info][main] [source/server/server.cc:434]   envoy.quic.connection_id_generator: envoy.quic.deterministic_connection_id_generator
[2025-06-30 15:37:36.388][4754931][info][main] [source/server/server.cc:434]   envoy.http.stateful_session: envoy.http.stateful_session.cookie, envoy.http.stateful_session.header
[2025-06-30 15:37:36.388][4754931][info][main] [source/server/server.cc:434]   envoy.built_in_formatters.http: envoy.built_in_formatters.http.default
[2025-06-30 15:37:36.388][4754931][info][main] [source/server/server.cc:434]   envoy.retry_host_predicates: envoy.retry_host_predicates.omit_canary_hosts, envoy.retry_host_predicates.omit_host_metadata, envoy.retry_host_predicates.previous_hosts
[2025-06-30 15:37:36.388][4754931][info][main] [source/server/server.cc:434]   envoy.dubbo_proxy.serializers: dubbo.hessian2
[2025-06-30 15:37:36.388][4754931][info][main] [source/server/server.cc:434]   filter_state.object: envoy.filters.listener.original_dst.local_ip, envoy.filters.listener.original_dst.remote_ip, envoy.network.application_protocols, envoy.network.transport_socket.original_dst_address, envoy.network.upstream_server_name, envoy.network.upstream_subject_alt_names, envoy.ratelimit.hits_addend, envoy.string, envoy.tcp_proxy.cluster, envoy.tcp_proxy.disable_tunneling, envoy.tcp_proxy.per_connection_idle_timeout_ms, envoy.upstream.dynamic_host, envoy.upstream.dynamic_port
[2025-06-30 15:37:36.388][4754931][info][main] [source/server/server.cc:434]   envoy.compression.decompressor: envoy.compression.brotli.decompressor, envoy.compression.gzip.decompressor, envoy.compression.zstd.decompressor
[2025-06-30 15:37:36.388][4754931][info][main] [source/server/server.cc:434]   envoy.wasm.runtime: envoy.wasm.runtime.null
[2025-06-30 15:37:36.388][4754931][info][main] [source/server/server.cc:434]   envoy.http.injected_credentials: envoy.http.injected_credentials.generic, envoy.http.injected_credentials.oauth2
[2025-06-30 15:37:36.388][4754931][info][main] [source/server/server.cc:434]   envoy.path.match: envoy.path.match.uri_template.uri_template_matcher
[2025-06-30 15:37:36.388][4754931][info][main] [source/server/server.cc:434]   envoy.upstreams: envoy.filters.connection_pools.tcp.generic
[2025-06-30 15:37:36.388][4754931][info][main] [source/server/server.cc:434]   envoy.http.custom_response: envoy.extensions.http.custom_response.local_response_policy, envoy.extensions.http.custom_response.redirect_policy
[2025-06-30 15:37:36.388][4754931][info][main] [source/server/server.cc:434]   quic.http_server_connection: quic.http_server_connection.default
[2025-06-30 15:37:36.388][4754931][info][main] [source/server/server.cc:434]   envoy.filters.network: envoy.echo, envoy.ext_authz, envoy.filters.network.connection_limit, envoy.filters.network.direct_response, envoy.filters.network.dubbo_proxy, envoy.filters.network.echo, envoy.filters.network.ext_authz, envoy.filters.network.generic_proxy, envoy.filters.network.http_connection_manager, envoy.filters.network.local_ratelimit, envoy.filters.network.mongo_proxy, envoy.filters.network.ratelimit, envoy.filters.network.rbac, envoy.filters.network.redis_proxy, envoy.filters.network.set_filter_state, envoy.filters.network.sni_cluster, envoy.filters.network.sni_dynamic_forward_proxy, envoy.filters.network.tcp_proxy, envoy.filters.network.thrift_proxy, envoy.filters.network.wasm, envoy.filters.network.zookeeper_proxy, envoy.http_connection_manager, envoy.mongo_proxy, envoy.ratelimit, envoy.redis_proxy, envoy.tcp_proxy
[2025-06-30 15:37:36.388][4754931][info][main] [source/server/server.cc:434]   envoy.guarddog_actions: envoy.watchdog.abort_action, envoy.watchdog.profile_action
[2025-06-30 15:37:36.388][4754931][info][main] [source/server/server.cc:434]   envoy.formatter: envoy.formatter.cel, envoy.formatter.metadata, envoy.formatter.req_without_query
[2025-06-30 15:37:36.388][4754931][info][main] [source/server/server.cc:434]   envoy.load_balancing_policies: envoy.load_balancing_policies.client_side_weighted_round_robin, envoy.load_balancing_policies.cluster_provided, envoy.load_balancing_policies.least_request, envoy.load_balancing_policies.maglev, envoy.load_balancing_policies.random, envoy.load_balancing_policies.ring_hash, envoy.load_balancing_policies.round_robin, envoy.load_balancing_policies.subset
[2025-06-30 15:37:36.388][4754931][info][main] [source/server/server.cc:434]   envoy.connection_handler: envoy.connection_handler.default
[2025-06-30 15:37:36.388][4754931][info][main] [source/server/server.cc:434]   envoy.thrift_proxy.transports: auto, framed, header, unframed
[2025-06-30 15:37:36.388][4754931][info][main] [source/server/server.cc:434]   envoy.dubbo_proxy.protocols: dubbo
[2025-06-30 15:37:36.388][4754931][info][main] [source/server/server.cc:434]   envoy.string_matcher: envoy.string_matcher.lua
[2025-06-30 15:37:36.388][4754931][info][main] [source/server/server.cc:434]   envoy.thrift_proxy.filters: envoy.filters.thrift.header_to_metadata, envoy.filters.thrift.payload_to_metadata, envoy.filters.thrift.rate_limit, envoy.filters.thrift.router
[2025-06-30 15:37:36.388][4754931][info][main] [source/server/server.cc:434]   envoy.internal_redirect_predicates: envoy.internal_redirect_predicates.allow_listed_routes, envoy.internal_redirect_predicates.previous_routes, envoy.internal_redirect_predicates.safe_cross_scheme
[2025-06-30 15:37:36.388][4754931][info][main] [source/server/server.cc:434]   envoy.quic.server.crypto_stream: envoy.quic.crypto_stream.server.quiche
[2025-06-30 15:37:36.388][4754931][info][main] [source/server/server.cc:434]   envoy.resource_monitors: envoy.resource_monitors.cpu_utilization, envoy.resource_monitors.fixed_heap, envoy.resource_monitors.injected_resource
[2025-06-30 15:37:36.388][4754931][info][main] [source/server/server.cc:434]   envoy.generic_proxy.codecs: envoy.generic_proxy.codecs.dubbo, envoy.generic_proxy.codecs.http1
[2025-06-30 15:37:36.388][4754931][info][main] [source/server/server.cc:434]   envoy.quic.server_preferred_address: quic.server_preferred_address.datasource, quic.server_preferred_address.fixed
[2025-06-30 15:37:36.388][4754931][info][main] [source/server/server.cc:434]   envoy.compression.compressor: envoy.compression.brotli.compressor, envoy.compression.gzip.compressor, envoy.compression.zstd.compressor
[2025-06-30 15:37:36.388][4754931][info][main] [source/server/server.cc:434]   envoy.http.early_header_mutation: envoy.http.early_header_mutation.header_mutation
[2025-06-30 15:37:36.388][4754931][info][main] [source/server/server.cc:434]   envoy.common.key_value: envoy.key_value.file_based
[2025-06-30 15:37:36.388][4754931][info][main] [source/server/server.cc:434]   envoy.clusters: envoy.cluster.dns, envoy.cluster.eds, envoy.cluster.logical_dns, envoy.cluster.original_dst, envoy.cluster.static, envoy.cluster.strict_dns, envoy.clusters.aggregate, envoy.clusters.dynamic_forward_proxy, envoy.clusters.redis
[2025-06-30 15:37:36.388][4754931][info][main] [source/server/server.cc:434]   envoy.retry_priorities: envoy.retry_priorities.previous_priorities
[2025-06-30 15:37:36.388][4754931][info][main] [source/server/server.cc:434]   envoy.health_checkers: envoy.health_checkers.grpc, envoy.health_checkers.http, envoy.health_checkers.redis, envoy.health_checkers.tcp, envoy.health_checkers.thrift
[2025-06-30 15:37:36.388][4754931][info][main] [source/server/server.cc:434]   envoy.filters.udp_listener: envoy.filters.udp.dns_filter, envoy.filters.udp_listener.udp_proxy
[2025-06-30 15:37:36.388][4754931][info][main] [source/server/server.cc:434]   envoy.path.rewrite: envoy.path.rewrite.uri_template.uri_template_rewriter
[2025-06-30 15:37:36.388][4754931][info][main] [source/server/server.cc:434]   envoy.matching.generic_proxy_request_input.input: envoy.matching.generic_proxy.input.host, envoy.matching.generic_proxy.input.method, envoy.matching.generic_proxy.input.path, envoy.matching.generic_proxy.input.property, envoy.matching.generic_proxy.input.request, envoy.matching.generic_proxy.input.service
[2025-06-30 15:37:36.388][4754931][info][main] [source/server/server.cc:434]   envoy.config.validators: envoy.config.validators.minimum_clusters, envoy.config.validators.minimum_clusters_validator
[2025-06-30 15:37:36.388][4754931][info][main] [source/server/server.cc:434]   envoy.matching.network.custom_matchers: envoy.matching.custom_matchers.trie_matcher
[2025-06-30 15:37:36.388][4754931][info][main] [source/server/server.cc:434]   envoy.thrift_proxy.protocols: auto, binary, binary/non-strict, compact, twitter
[2025-06-30 15:37:36.388][4754931][info][main] [source/server/server.cc:434]   envoy.router.cluster_specifier_plugin: envoy.router.cluster_specifier_plugin.lua
[2025-06-30 15:37:36.388][4754931][info][main] [source/server/server.cc:434]   envoy.config_mux: envoy.config_mux.delta_grpc_mux_factory, envoy.config_mux.grpc_mux_factory, envoy.config_mux.new_grpc_mux_factory, envoy.config_mux.sotw_grpc_mux_factory
[2025-06-30 15:37:36.388][4754931][info][main] [source/server/server.cc:434]   envoy.udp_packet_writer: envoy.udp_packet_writer.default
[2025-06-30 15:37:36.388][4754931][info][main] [source/server/server.cc:434]   envoy.health_check.event_sinks: envoy.health_check.event_sink.file
[2025-06-30 15:37:36.388][4754931][info][main] [source/server/server.cc:434]   envoy.tracers.opentelemetry.samplers: envoy.tracers.opentelemetry.samplers.always_on, envoy.tracers.opentelemetry.samplers.dynatrace
[2025-06-30 15:37:36.388][4754931][info][main] [source/server/server.cc:434]   envoy.route_config_update_requester: envoy.route_config_update_requester.default
[2025-06-30 15:37:36.388][4754931][info][main] [source/server/server.cc:434]   envoy.quic.proof_source: envoy.quic.proof_source.filter_chain
[2025-06-30 15:37:36.388][4754931][info][main] [source/server/server.cc:434]   envoy.matching.network.input: envoy.matching.inputs.application_protocol, envoy.matching.inputs.destination_ip, envoy.matching.inputs.destination_port, envoy.matching.inputs.direct_source_ip, envoy.matching.inputs.dns_san, envoy.matching.inputs.filter_state, envoy.matching.inputs.server_name, envoy.matching.inputs.source_ip, envoy.matching.inputs.source_port, envoy.matching.inputs.source_type, envoy.matching.inputs.subject, envoy.matching.inputs.transport_protocol, envoy.matching.inputs.uri_san
[2025-06-30 15:37:36.388][4754931][info][main] [source/server/server.cc:434]   envoy.upstream.local_address_selector: envoy.upstream.local_address_selector.default_local_address_selector
[2025-06-30 15:37:36.395][4754931][info][main] [source/server/server.cc:494] HTTP header map info:
[2025-06-30 15:37:36.396][4754931][info][main] [source/server/server.cc:497]   request header map: 656 bytes: :authority,:method,:path,:protocol,:scheme,accept,accept-encoding,access-control-request-headers,access-control-request-method,access-control-request-private-network,authentication,authorization,cache-control,cdn-loop,connection,content-encoding,content-length,content-type,expect,grpc-accept-encoding,grpc-timeout,if-match,if-modified-since,if-none-match,if-range,if-unmodified-since,keep-alive,origin,pragma,proxy-connection,proxy-status,referer,te,transfer-encoding,upgrade,user-agent,via,x-client-trace-id,x-envoy-attempt-count,x-envoy-decorator-operation,x-envoy-downstream-service-cluster,x-envoy-downstream-service-node,x-envoy-expected-rq-timeout-ms,x-envoy-external-address,x-envoy-force-trace,x-envoy-hedge-on-per-try-timeout,x-envoy-internal,x-envoy-ip-tags,x-envoy-is-timeout-retry,x-envoy-max-retries,x-envoy-original-path,x-envoy-original-url,x-envoy-retriable-header-names,x-envoy-retriable-status-codes,x-envoy-retry-grpc-on,x-envoy-retry-on,x-envoy-upstream-alt-stat-name,x-envoy-upstream-rq-per-try-timeout-ms,x-envoy-upstream-rq-timeout-alt-response,x-envoy-upstream-rq-timeout-ms,x-envoy-upstream-stream-duration-ms,x-forwarded-client-cert,x-forwarded-for,x-forwarded-host,x-forwarded-port,x-forwarded-proto,x-request-id
[2025-06-30 15:37:36.396][4754931][info][main] [source/server/server.cc:497]   request trailer map: 120 bytes: 
[2025-06-30 15:37:36.396][4754931][info][main] [source/server/server.cc:497]   response header map: 432 bytes: :status,access-control-allow-credentials,access-control-allow-headers,access-control-allow-methods,access-control-allow-origin,access-control-allow-private-network,access-control-expose-headers,access-control-max-age,age,cache-control,connection,content-encoding,content-length,content-type,date,etag,expires,grpc-message,grpc-status,keep-alive,last-modified,location,proxy-connection,proxy-status,server,transfer-encoding,upgrade,vary,via,x-envoy-attempt-count,x-envoy-decorator-operation,x-envoy-degraded,x-envoy-immediate-health-check-fail,x-envoy-ratelimited,x-envoy-upstream-canary,x-envoy-upstream-healthchecked-cluster,x-envoy-upstream-service-time,x-request-id
[2025-06-30 15:37:36.396][4754931][info][main] [source/server/server.cc:497]   response trailer map: 144 bytes: grpc-message,grpc-status
[2025-06-30 15:37:36.402][4754931][info][main] [source/server/server.cc:890] runtime: {}
[2025-06-30 15:37:36.402][4754931][info][main] [source/server/server.cc:728] Starting admin HTTP server at 127.0.0.1:9902
[2025-06-30 15:37:36.402][4754931][info][admin] [source/server/admin/admin.cc:65] admin address: 127.0.0.1:9902
[2025-06-30 15:37:36.402][4754931][info][config] [source/server/configuration_impl.cc:173] loading tracing configuration
[2025-06-30 15:37:36.402][4754931][info][config] [source/server/configuration_impl.cc:124] loading 0 static secret(s)
[2025-06-30 15:37:36.402][4754931][info][config] [source/server/configuration_impl.cc:130] loading 2 cluster(s)
[2025-06-30 15:37:36.407][4754931][info][config] [source/server/configuration_impl.cc:140] loading 1 listener(s)
[2025-06-30 15:37:36.407][4754931][warning][config] [source/common/listener_manager/listener_impl.cc:1121] reuse_port was configured for TCP listener 'listener_0' and is being force disabled because Envoy is not running on Linux. See the documentation for more information.
[2025-06-30 15:37:36.411][4754931][info][config] [source/server/configuration_impl.cc:156] loading stats configuration
[2025-06-30 15:37:36.411][4754931][warning][main] [source/server/server.cc:959] There is no configured limit to the number of allowed active downstream connections. Configure a limit in `envoy.resource_monitors.global_downstream_max_connections` resource monitor.
[2025-06-30 15:37:36.411][4754931][info][main] [source/server/server.cc:1001] starting main dispatch loop
[2025-06-30 15:37:36.412][4754931][info][runtime] [source/common/runtime/runtime_impl.cc:632] RTDS has finished initialization
[2025-06-30 15:37:36.412][4754931][info][upstream] [source/common/upstream/cluster_manager_impl.cc:265] cm init: all clusters initialized
[2025-06-30 15:37:36.412][4754931][info][main] [source/server/server.cc:981] all clusters initialized. initializing init manager
[2025-06-30 15:37:36.412][4754931][info][config] [source/common/listener_manager/listener_manager_impl.cc:944] all dependencies initialized. starting workers
[2025-06-30 15:38:18.783][4754931][warning][main] [source/server/server.cc:933] caught SIGINT
[2025-06-30 15:38:18.784][4754931][info][main] [source/server/server.cc:1069] shutting down server instance
[2025-06-30 15:38:18.784][4754931][info][main] [source/server/server.cc:1009] main dispatch loop exited
[2025-06-30 15:38:18.786][4754931][info][main] [source/server/server.cc:1061] exiting
[2025-06-30 15:38:20.332][4755843][info][main] [source/server/server.cc:430] initializing epoch 0 (base id=0, hot restart version=disabled)
[2025-06-30 15:38:20.333][4755843][info][main] [source/server/server.cc:432] statically linked extensions:
[2025-06-30 15:38:20.333][4755843][info][main] [source/server/server.cc:434]   envoy.filters.http: envoy.bandwidth_limit, envoy.buffer, envoy.cors, envoy.csrf, envoy.ext_authz, envoy.ext_proc, envoy.fault, envoy.filters.http.adaptive_concurrency, envoy.filters.http.admission_control, envoy.filters.http.alternate_protocols_cache, envoy.filters.http.api_key_auth, envoy.filters.http.aws_lambda, envoy.filters.http.aws_request_signing, envoy.filters.http.bandwidth_limit, envoy.filters.http.basic_auth, envoy.filters.http.buffer, envoy.filters.http.cache, envoy.filters.http.cdn_loop, envoy.filters.http.composite, envoy.filters.http.compressor, envoy.filters.http.connect_grpc_bridge, envoy.filters.http.cors, envoy.filters.http.credential_injector, envoy.filters.http.csrf, envoy.filters.http.custom_response, envoy.filters.http.decompressor, envoy.filters.http.dynamic_forward_proxy, envoy.filters.http.ext_authz, envoy.filters.http.ext_proc, envoy.filters.http.fault, envoy.filters.http.file_system_buffer, envoy.filters.http.gcp_authn, envoy.filters.http.geoip, envoy.filters.http.grpc_field_extraction, envoy.filters.http.grpc_http1_bridge, envoy.filters.http.grpc_http1_reverse_bridge, envoy.filters.http.grpc_json_reverse_transcoder, envoy.filters.http.grpc_json_transcoder, envoy.filters.http.grpc_stats, envoy.filters.http.grpc_web, envoy.filters.http.header_mutation, envoy.filters.http.header_to_metadata, envoy.filters.http.health_check, envoy.filters.http.ip_tagging, envoy.filters.http.json_to_metadata, envoy.filters.http.jwt_authn, envoy.filters.http.local_ratelimit, envoy.filters.http.lua, envoy.filters.http.match_delegate, envoy.filters.http.oauth2, envoy.filters.http.on_demand, envoy.filters.http.original_src, envoy.filters.http.proto_message_extraction, envoy.filters.http.rate_limit_quota, envoy.filters.http.ratelimit, envoy.filters.http.rbac, envoy.filters.http.router, envoy.filters.http.set_filter_state, envoy.filters.http.set_metadata, envoy.filters.http.stateful_session, envoy.filters.http.tap, envoy.filters.http.thrift_to_metadata, envoy.filters.http.wasm, envoy.geoip, envoy.grpc_http1_bridge, envoy.grpc_json_transcoder, envoy.grpc_web, envoy.health_check, envoy.ip_tagging, envoy.local_rate_limit, envoy.lua, envoy.rate_limit, envoy.router
[2025-06-30 15:38:20.333][4755843][info][main] [source/server/server.cc:434]   envoy.quic.server_preferred_address: quic.server_preferred_address.datasource, quic.server_preferred_address.fixed
[2025-06-30 15:38:20.333][4755843][info][main] [source/server/server.cc:434]   envoy.common.key_value: envoy.key_value.file_based
[2025-06-30 15:38:20.333][4755843][info][main] [source/server/server.cc:434]   envoy.rds_factory: envoy.rds_factory.default
[2025-06-30 15:38:20.333][4755843][info][main] [source/server/server.cc:434]   envoy.route_config_update_requester: envoy.route_config_update_requester.default
[2025-06-30 15:38:20.333][4755843][info][main] [source/server/server.cc:434]   envoy.load_balancing_policies: envoy.load_balancing_policies.client_side_weighted_round_robin, envoy.load_balancing_policies.cluster_provided, envoy.load_balancing_policies.least_request, envoy.load_balancing_policies.maglev, envoy.load_balancing_policies.random, envoy.load_balancing_policies.ring_hash, envoy.load_balancing_policies.round_robin, envoy.load_balancing_policies.subset
[2025-06-30 15:38:20.333][4755843][info][main] [source/server/server.cc:434]   envoy.http.stateful_header_formatters: envoy.http.stateful_header_formatters.preserve_case, preserve_case
[2025-06-30 15:38:20.333][4755843][info][main] [source/server/server.cc:434]   envoy.http.early_header_mutation: envoy.http.early_header_mutation.header_mutation
[2025-06-30 15:38:20.333][4755843][info][main] [source/server/server.cc:434]   envoy.string_matcher: envoy.string_matcher.lua
[2025-06-30 15:38:20.333][4755843][info][main] [source/server/server.cc:434]   envoy.listener_manager_impl: envoy.listener_manager_impl.default, envoy.listener_manager_impl.validation
[2025-06-30 15:38:20.333][4755843][info][main] [source/server/server.cc:434]   envoy.matching.action: envoy.matching.actions.format_string, filter-chain-name
[2025-06-30 15:38:20.333][4755843][info][main] [source/server/server.cc:434]   envoy.rate_limit_descriptors: envoy.rate_limit_descriptors.expr
[2025-06-30 15:38:20.333][4755843][info][main] [source/server/server.cc:434]   envoy.udp_packet_writer: envoy.udp_packet_writer.default
[2025-06-30 15:38:20.333][4755843][info][main] [source/server/server.cc:434]   envoy.rbac.matchers: envoy.rbac.matchers.upstream_ip_port
[2025-06-30 15:38:20.333][4755843][info][main] [source/server/server.cc:434]   envoy.path.rewrite: envoy.path.rewrite.uri_template.uri_template_rewriter
[2025-06-30 15:38:20.333][4755843][info][main] [source/server/server.cc:434]   envoy.router.cluster_specifier_plugin: envoy.router.cluster_specifier_plugin.lua
[2025-06-30 15:38:20.333][4755843][info][main] [source/server/server.cc:434]   envoy.http.header_validators: envoy.http.header_validators.envoy_default
[2025-06-30 15:38:20.333][4755843][info][main] [source/server/server.cc:434]   envoy.retry_host_predicates: envoy.retry_host_predicates.omit_canary_hosts, envoy.retry_host_predicates.omit_host_metadata, envoy.retry_host_predicates.previous_hosts
[2025-06-30 15:38:20.333][4755843][info][main] [source/server/server.cc:434]   envoy.route.early_data_policy: envoy.route.early_data_policy.default
[2025-06-30 15:38:20.333][4755843][info][main] [source/server/server.cc:434]   envoy.stats_sinks: envoy.dog_statsd, envoy.graphite_statsd, envoy.metrics_service, envoy.open_telemetry_stat_sink, envoy.stat_sinks.dog_statsd, envoy.stat_sinks.graphite_statsd, envoy.stat_sinks.hystrix, envoy.stat_sinks.metrics_service, envoy.stat_sinks.open_telemetry, envoy.stat_sinks.statsd, envoy.stat_sinks.wasm, envoy.statsd
[2025-06-30 15:38:20.333][4755843][info][main] [source/server/server.cc:434]   envoy.filters.network: envoy.echo, envoy.ext_authz, envoy.filters.network.connection_limit, envoy.filters.network.direct_response, envoy.filters.network.dubbo_proxy, envoy.filters.network.echo, envoy.filters.network.ext_authz, envoy.filters.network.generic_proxy, envoy.filters.network.http_connection_manager, envoy.filters.network.local_ratelimit, envoy.filters.network.mongo_proxy, envoy.filters.network.ratelimit, envoy.filters.network.rbac, envoy.filters.network.redis_proxy, envoy.filters.network.set_filter_state, envoy.filters.network.sni_cluster, envoy.filters.network.sni_dynamic_forward_proxy, envoy.filters.network.tcp_proxy, envoy.filters.network.thrift_proxy, envoy.filters.network.wasm, envoy.filters.network.zookeeper_proxy, envoy.http_connection_manager, envoy.mongo_proxy, envoy.ratelimit, envoy.redis_proxy, envoy.tcp_proxy
[2025-06-30 15:38:20.333][4755843][info][main] [source/server/server.cc:434]   envoy.bootstrap: envoy.bootstrap.internal_listener, envoy.bootstrap.wasm, envoy.extensions.network.socket_interface.default_socket_interface
[2025-06-30 15:38:20.333][4755843][info][main] [source/server/server.cc:434]   envoy.matching.network.custom_matchers: envoy.matching.custom_matchers.trie_matcher
[2025-06-30 15:38:20.333][4755843][info][main] [source/server/server.cc:434]   envoy.quic.connection_id_generator: envoy.quic.deterministic_connection_id_generator
[2025-06-30 15:38:20.333][4755843][info][main] [source/server/server.cc:434]   envoy.matching.http.input: envoy.matching.inputs.cel_data_input, envoy.matching.inputs.destination_ip, envoy.matching.inputs.destination_port, envoy.matching.inputs.direct_source_ip, envoy.matching.inputs.dns_san, envoy.matching.inputs.dynamic_metadata, envoy.matching.inputs.filter_state, envoy.matching.inputs.request_headers, envoy.matching.inputs.request_trailers, envoy.matching.inputs.response_headers, envoy.matching.inputs.response_trailers, envoy.matching.inputs.server_name, envoy.matching.inputs.source_ip, envoy.matching.inputs.source_port, envoy.matching.inputs.source_type, envoy.matching.inputs.status_code_class_input, envoy.matching.inputs.status_code_input, envoy.matching.inputs.subject, envoy.matching.inputs.uri_san, query_params
[2025-06-30 15:38:20.334][4755843][info][main] [source/server/server.cc:434]   envoy.quic.server.crypto_stream: envoy.quic.crypto_stream.server.quiche
[2025-06-30 15:38:20.334][4755843][info][main] [source/server/server.cc:434]   envoy.tracers.opentelemetry.resource_detectors: envoy.tracers.opentelemetry.resource_detectors.dynatrace, envoy.tracers.opentelemetry.resource_detectors.environment, envoy.tracers.opentelemetry.resource_detectors.static_config
[2025-06-30 15:38:20.334][4755843][info][main] [source/server/server.cc:434]   envoy.config_subscription: envoy.config_subscription.ads, envoy.config_subscription.ads_collection, envoy.config_subscription.aggregated_grpc_collection, envoy.config_subscription.delta_grpc, envoy.config_subscription.delta_grpc_collection, envoy.config_subscription.filesystem, envoy.config_subscription.filesystem_collection, envoy.config_subscription.grpc, envoy.config_subscription.rest
[2025-06-30 15:38:20.334][4755843][info][main] [source/server/server.cc:434]   envoy.http.cache: envoy.extensions.http.cache.file_system_http_cache, envoy.extensions.http.cache.simple
[2025-06-30 15:38:20.334][4755843][info][main] [source/server/server.cc:434]   envoy.http.custom_response: envoy.extensions.http.custom_response.local_response_policy, envoy.extensions.http.custom_response.redirect_policy
[2025-06-30 15:38:20.334][4755843][info][main] [source/server/server.cc:434]   envoy.http.injected_credentials: envoy.http.injected_credentials.generic, envoy.http.injected_credentials.oauth2
[2025-06-30 15:38:20.334][4755843][info][main] [source/server/server.cc:434]   envoy.upstream_options: envoy.extensions.upstreams.http.v3.HttpProtocolOptions, envoy.extensions.upstreams.tcp.v3.TcpProtocolOptions, envoy.upstreams.http.http_protocol_options, envoy.upstreams.tcp.tcp_protocol_options
[2025-06-30 15:38:20.334][4755843][info][main] [source/server/server.cc:434]   envoy.resource_monitors: envoy.resource_monitors.cpu_utilization, envoy.resource_monitors.fixed_heap, envoy.resource_monitors.injected_resource
[2025-06-30 15:38:20.334][4755843][info][main] [source/server/server.cc:434]   envoy.ssl.server_context_factory: envoy.ssl.server_context_factory.default
[2025-06-30 15:38:20.334][4755843][info][main] [source/server/server.cc:434]   envoy.regex_engines: envoy.regex_engines.google_re2
[2025-06-30 15:38:20.334][4755843][info][main] [source/server/server.cc:434]   envoy.built_in_formatters.generic_proxy: envoy.built_in_formatters.generic_poxy.default
[2025-06-30 15:38:20.334][4755843][info][main] [source/server/server.cc:434]   filter_state.object: envoy.filters.listener.original_dst.local_ip, envoy.filters.listener.original_dst.remote_ip, envoy.network.application_protocols, envoy.network.transport_socket.original_dst_address, envoy.network.upstream_server_name, envoy.network.upstream_subject_alt_names, envoy.ratelimit.hits_addend, envoy.string, envoy.tcp_proxy.cluster, envoy.tcp_proxy.disable_tunneling, envoy.tcp_proxy.per_connection_idle_timeout_ms, envoy.upstream.dynamic_host, envoy.upstream.dynamic_port
[2025-06-30 15:38:20.334][4755843][info][main] [source/server/server.cc:434]   envoy.health_check.event_sinks: envoy.health_check.event_sink.file
[2025-06-30 15:38:20.334][4755843][info][main] [source/server/server.cc:434]   envoy.compression.compressor: envoy.compression.brotli.compressor, envoy.compression.gzip.compressor, envoy.compression.zstd.compressor
[2025-06-30 15:38:20.334][4755843][info][main] [source/server/server.cc:434]   envoy.tracers.opentelemetry.samplers: envoy.tracers.opentelemetry.samplers.always_on, envoy.tracers.opentelemetry.samplers.dynatrace
[2025-06-30 15:38:20.334][4755843][info][main] [source/server/server.cc:434]   envoy.guarddog_actions: envoy.watchdog.abort_action, envoy.watchdog.profile_action
[2025-06-30 15:38:20.334][4755843][info][main] [source/server/server.cc:434]   envoy.thrift_proxy.filters: envoy.filters.thrift.header_to_metadata, envoy.filters.thrift.payload_to_metadata, envoy.filters.thrift.rate_limit, envoy.filters.thrift.router
[2025-06-30 15:38:20.334][4755843][info][main] [source/server/server.cc:434]   envoy.thrift_proxy.transports: auto, framed, header, unframed
[2025-06-30 15:38:20.334][4755843][info][main] [source/server/server.cc:434]   envoy.tls.cert_validator: envoy.tls.cert_validator.default, envoy.tls.cert_validator.spiffe
[2025-06-30 15:38:20.334][4755843][info][main] [source/server/server.cc:434]   envoy.tracers: envoy.tracers.datadog, envoy.tracers.opentelemetry, envoy.tracers.skywalking, envoy.tracers.xray, envoy.tracers.zipkin, envoy.zipkin
[2025-06-30 15:38:20.334][4755843][info][main] [source/server/server.cc:434]   envoy.clusters: envoy.cluster.dns, envoy.cluster.eds, envoy.cluster.logical_dns, envoy.cluster.original_dst, envoy.cluster.static, envoy.cluster.strict_dns, envoy.clusters.aggregate, envoy.clusters.dynamic_forward_proxy, envoy.clusters.redis
[2025-06-30 15:38:20.334][4755843][info][main] [source/server/server.cc:434]   envoy.config.validators: envoy.config.validators.minimum_clusters, envoy.config.validators.minimum_clusters_validator
[2025-06-30 15:38:20.334][4755843][info][main] [source/server/server.cc:434]   envoy.dubbo_proxy.filters: envoy.filters.dubbo.router
[2025-06-30 15:38:20.334][4755843][info][main] [source/server/server.cc:434]   envoy.internal_redirect_predicates: envoy.internal_redirect_predicates.allow_listed_routes, envoy.internal_redirect_predicates.previous_routes, envoy.internal_redirect_predicates.safe_cross_scheme
[2025-06-30 15:38:20.334][4755843][info][main] [source/server/server.cc:434]   envoy.connection_handler: envoy.connection_handler.default
[2025-06-30 15:38:20.334][4755843][info][main] [source/server/server.cc:434]   envoy.filters.http.upstream: envoy.buffer, envoy.ext_proc, envoy.filters.http.admission_control, envoy.filters.http.aws_lambda, envoy.filters.http.aws_request_signing, envoy.filters.http.buffer, envoy.filters.http.composite, envoy.filters.http.ext_proc, envoy.filters.http.header_mutation, envoy.filters.http.match_delegate, envoy.filters.http.upstream_codec, envoy.filters.http.wasm
[2025-06-30 15:38:20.334][4755843][info][main] [source/server/server.cc:434]   envoy.thrift_proxy.protocols: auto, binary, binary/non-strict, compact, twitter
[2025-06-30 15:38:20.334][4755843][info][main] [source/server/server.cc:434]   envoy.built_in_formatters.http: envoy.built_in_formatters.http.default
[2025-06-30 15:38:20.334][4755843][info][main] [source/server/server.cc:434]   envoy.dubbo_proxy.serializers: dubbo.hessian2
[2025-06-30 15:38:20.334][4755843][info][main] [source/server/server.cc:434]   envoy.access_loggers: envoy.access_loggers.file, envoy.access_loggers.fluentd, envoy.access_loggers.http_grpc, envoy.access_loggers.open_telemetry, envoy.access_loggers.stderr, envoy.access_loggers.stdout, envoy.access_loggers.tcp_grpc, envoy.access_loggers.wasm, envoy.file_access_log, envoy.fluentd_access_log, envoy.http_grpc_access_log, envoy.open_telemetry_access_log, envoy.stderr_access_log, envoy.stdout_access_log, envoy.tcp_grpc_access_log, envoy.wasm_access_log
[2025-06-30 15:38:20.334][4755843][info][main] [source/server/server.cc:434]   envoy.grpc_credentials: envoy.grpc_credentials.aws_iam, envoy.grpc_credentials.default, envoy.grpc_credentials.file_based_metadata
[2025-06-30 15:38:20.334][4755843][info][main] [source/server/server.cc:434]   envoy.path.match: envoy.path.match.uri_template.uri_template_matcher
[2025-06-30 15:38:20.334][4755843][info][main] [source/server/server.cc:434]   envoy.upstreams: envoy.filters.connection_pools.tcp.generic
[2025-06-30 15:38:20.334][4755843][info][main] [source/server/server.cc:434]   envoy.retry_priorities: envoy.retry_priorities.previous_priorities
[2025-06-30 15:38:20.334][4755843][info][main] [source/server/server.cc:434]   envoy.srds_factory: envoy.srds_factory.default
[2025-06-30 15:38:20.334][4755843][info][main] [source/server/server.cc:434]   envoy.matching.input_matchers: envoy.matching.input_matchers.generic_request_matcher, envoy.matching.matchers.cel_matcher, envoy.matching.matchers.consistent_hashing, envoy.matching.matchers.ip, envoy.matching.matchers.metadata_matcher, envoy.matching.matchers.runtime_fraction
[2025-06-30 15:38:20.334][4755843][info][main] [source/server/server.cc:434]   envoy.dubbo_proxy.protocols: dubbo
[2025-06-30 15:38:20.334][4755843][info][main] [source/server/server.cc:434]   envoy.formatter: envoy.formatter.cel, envoy.formatter.metadata, envoy.formatter.req_without_query
[2025-06-30 15:38:20.334][4755843][info][main] [source/server/server.cc:434]   envoy.filters.udp.session: envoy.filters.udp.session.dynamic_forward_proxy, envoy.filters.udp.session.http_capsule
[2025-06-30 15:38:20.334][4755843][info][main] [source/server/server.cc:434]   envoy.quic.connection_debug_visitor: envoy.quic.connection_debug_visitor.basic, envoy.quic.connection_debug_visitor.quic_stats
[2025-06-30 15:38:20.334][4755843][info][main] [source/server/server.cc:434]   envoy.generic_proxy.filters: envoy.filters.generic.router
[2025-06-30 15:38:20.334][4755843][info][main] [source/server/server.cc:434]   envoy.compression.decompressor: envoy.compression.brotli.decompressor, envoy.compression.gzip.decompressor, envoy.compression.zstd.decompressor
[2025-06-30 15:38:20.334][4755843][info][main] [source/server/server.cc:434]   envoy.upstream.local_address_selector: envoy.upstream.local_address_selector.default_local_address_selector
[2025-06-30 15:38:20.334][4755843][info][main] [source/server/server.cc:434]   envoy.matching.network.input: envoy.matching.inputs.application_protocol, envoy.matching.inputs.destination_ip, envoy.matching.inputs.destination_port, envoy.matching.inputs.direct_source_ip, envoy.matching.inputs.dns_san, envoy.matching.inputs.filter_state, envoy.matching.inputs.server_name, envoy.matching.inputs.source_ip, envoy.matching.inputs.source_port, envoy.matching.inputs.source_type, envoy.matching.inputs.subject, envoy.matching.inputs.transport_protocol, envoy.matching.inputs.uri_san
[2025-06-30 15:38:20.334][4755843][info][main] [source/server/server.cc:434]   envoy.resolvers: envoy.ip
[2025-06-30 15:38:20.334][4755843][info][main] [source/server/server.cc:434]   envoy.request_id: envoy.request_id.uuid
[2025-06-30 15:38:20.334][4755843][info][main] [source/server/server.cc:434]   envoy.built_in_formatters.stream_info: envoy.built_in_formatters.stream_info.default
[2025-06-30 15:38:20.334][4755843][info][main] [source/server/server.cc:434]   envoy.transport_sockets.upstream: envoy.transport_sockets.alts, envoy.transport_sockets.http_11_proxy, envoy.transport_sockets.internal_upstream, envoy.transport_sockets.quic, envoy.transport_sockets.raw_buffer, envoy.transport_sockets.starttls, envoy.transport_sockets.tap, envoy.transport_sockets.tcp_stats, envoy.transport_sockets.tls, envoy.transport_sockets.upstream_proxy_protocol, raw_buffer, starttls, tls
[2025-06-30 15:38:20.334][4755843][info][main] [source/server/server.cc:434]   network.connection.client: default, envoy_internal
[2025-06-30 15:38:20.334][4755843][info][main] [source/server/server.cc:434]   envoy.network.dns_resolver: envoy.network.dns_resolver.apple, envoy.network.dns_resolver.cares, envoy.network.dns_resolver.getaddrinfo
[2025-06-30 15:38:20.334][4755843][info][main] [source/server/server.cc:434]   envoy.transport_sockets.downstream: envoy.transport_sockets.alts, envoy.transport_sockets.quic, envoy.transport_sockets.raw_buffer, envoy.transport_sockets.starttls, envoy.transport_sockets.tap, envoy.transport_sockets.tcp_stats, envoy.transport_sockets.tls, raw_buffer, starttls, tls
[2025-06-30 15:38:20.334][4755843][info][main] [source/server/server.cc:434]   envoy.geoip_providers: envoy.geoip_providers.maxmind
[2025-06-30 15:38:20.334][4755843][info][main] [source/server/server.cc:434]   envoy.http.original_ip_detection: envoy.http.original_ip_detection.custom_header, envoy.http.original_ip_detection.xff
[2025-06-30 15:38:20.334][4755843][info][main] [source/server/server.cc:434]   envoy.generic_proxy.codecs: envoy.generic_proxy.codecs.dubbo, envoy.generic_proxy.codecs.http1
[2025-06-30 15:38:20.334][4755843][info][main] [source/server/server.cc:434]   envoy.config_mux: envoy.config_mux.delta_grpc_mux_factory, envoy.config_mux.grpc_mux_factory, envoy.config_mux.new_grpc_mux_factory, envoy.config_mux.sotw_grpc_mux_factory
[2025-06-30 15:38:20.334][4755843][info][main] [source/server/server.cc:434]   envoy.filters.listener: envoy.filters.listener.http_inspector, envoy.filters.listener.local_ratelimit, envoy.filters.listener.original_dst, envoy.filters.listener.original_src, envoy.filters.listener.proxy_protocol, envoy.filters.listener.tls_inspector, envoy.listener.http_inspector, envoy.listener.original_dst, envoy.listener.original_src, envoy.listener.proxy_protocol, envoy.listener.tls_inspector
[2025-06-30 15:38:20.334][4755843][info][main] [source/server/server.cc:434]   envoy.http.stateful_session: envoy.http.stateful_session.cookie, envoy.http.stateful_session.header
[2025-06-30 15:38:20.334][4755843][info][main] [source/server/server.cc:434]   envoy.matching.generic_proxy_request_input.input: envoy.matching.generic_proxy.input.host, envoy.matching.generic_proxy.input.method, envoy.matching.generic_proxy.input.path, envoy.matching.generic_proxy.input.property, envoy.matching.generic_proxy.input.request, envoy.matching.generic_proxy.input.service
[2025-06-30 15:38:20.334][4755843][info][main] [source/server/server.cc:434]   quic.http_server_connection: quic.http_server_connection.default
[2025-06-30 15:38:20.334][4755843][info][main] [source/server/server.cc:434]   envoy.access_loggers.extension_filters: envoy.access_loggers.extension_filters.cel
[2025-06-30 15:38:20.334][4755843][info][main] [source/server/server.cc:434]   envoy.quic.proof_source: envoy.quic.proof_source.filter_chain
[2025-06-30 15:38:20.334][4755843][info][main] [source/server/server.cc:434]   envoy.filters.udp_listener: envoy.filters.udp.dns_filter, envoy.filters.udp_listener.udp_proxy
[2025-06-30 15:38:20.334][4755843][info][main] [source/server/server.cc:434]   envoy.wasm.runtime: envoy.wasm.runtime.null
[2025-06-30 15:38:20.334][4755843][info][main] [source/server/server.cc:434]   envoy.health_checkers: envoy.health_checkers.grpc, envoy.health_checkers.http, envoy.health_checkers.redis, envoy.health_checkers.tcp, envoy.health_checkers.thrift
[2025-06-30 15:38:20.334][4755843][info][main] [source/server/server.cc:434]   envoy.matching.http.custom_matchers: envoy.matching.custom_matchers.trie_matcher
[2025-06-30 15:38:20.334][4755843][info][main] [source/server/server.cc:434]   envoy.matching.common_inputs: envoy.matching.common_inputs.environment_variable
[2025-06-30 15:38:20.334][4755843][info][main] [source/server/server.cc:434]   envoy.generic_proxy.access_loggers: envoy.generic_proxy.access_loggers.file
[2025-06-30 15:38:20.336][4755843][info][main] [source/server/server.cc:494] HTTP header map info:
[2025-06-30 15:38:20.336][4755843][info][main] [source/server/server.cc:497]   request header map: 656 bytes: :authority,:method,:path,:protocol,:scheme,accept,accept-encoding,access-control-request-headers,access-control-request-method,access-control-request-private-network,authentication,authorization,cache-control,cdn-loop,connection,content-encoding,content-length,content-type,expect,grpc-accept-encoding,grpc-timeout,if-match,if-modified-since,if-none-match,if-range,if-unmodified-since,keep-alive,origin,pragma,proxy-connection,proxy-status,referer,te,transfer-encoding,upgrade,user-agent,via,x-client-trace-id,x-envoy-attempt-count,x-envoy-decorator-operation,x-envoy-downstream-service-cluster,x-envoy-downstream-service-node,x-envoy-expected-rq-timeout-ms,x-envoy-external-address,x-envoy-force-trace,x-envoy-hedge-on-per-try-timeout,x-envoy-internal,x-envoy-ip-tags,x-envoy-is-timeout-retry,x-envoy-max-retries,x-envoy-original-path,x-envoy-original-url,x-envoy-retriable-header-names,x-envoy-retriable-status-codes,x-envoy-retry-grpc-on,x-envoy-retry-on,x-envoy-upstream-alt-stat-name,x-envoy-upstream-rq-per-try-timeout-ms,x-envoy-upstream-rq-timeout-alt-response,x-envoy-upstream-rq-timeout-ms,x-envoy-upstream-stream-duration-ms,x-forwarded-client-cert,x-forwarded-for,x-forwarded-host,x-forwarded-port,x-forwarded-proto,x-request-id
[2025-06-30 15:38:20.336][4755843][info][main] [source/server/server.cc:497]   request trailer map: 120 bytes: 
[2025-06-30 15:38:20.336][4755843][info][main] [source/server/server.cc:497]   response header map: 432 bytes: :status,access-control-allow-credentials,access-control-allow-headers,access-control-allow-methods,access-control-allow-origin,access-control-allow-private-network,access-control-expose-headers,access-control-max-age,age,cache-control,connection,content-encoding,content-length,content-type,date,etag,expires,grpc-message,grpc-status,keep-alive,last-modified,location,proxy-connection,proxy-status,server,transfer-encoding,upgrade,vary,via,x-envoy-attempt-count,x-envoy-decorator-operation,x-envoy-degraded,x-envoy-immediate-health-check-fail,x-envoy-ratelimited,x-envoy-upstream-canary,x-envoy-upstream-healthchecked-cluster,x-envoy-upstream-service-time,x-request-id
[2025-06-30 15:38:20.336][4755843][info][main] [source/server/server.cc:497]   response trailer map: 144 bytes: grpc-message,grpc-status
[2025-06-30 15:38:20.340][4755843][info][main] [source/server/server.cc:890] runtime: {}
[2025-06-30 15:38:20.340][4755843][info][main] [source/server/server.cc:728] Starting admin HTTP server at 127.0.0.1:9902
[2025-06-30 15:38:20.340][4755843][info][admin] [source/server/admin/admin.cc:65] admin address: 127.0.0.1:9902
[2025-06-30 15:38:20.340][4755843][info][config] [source/server/configuration_impl.cc:173] loading tracing configuration
[2025-06-30 15:38:20.340][4755843][info][config] [source/server/configuration_impl.cc:124] loading 0 static secret(s)
[2025-06-30 15:38:20.340][4755843][info][config] [source/server/configuration_impl.cc:130] loading 2 cluster(s)
[2025-06-30 15:38:20.341][4755843][info][config] [source/server/configuration_impl.cc:140] loading 1 listener(s)
[2025-06-30 15:38:20.342][4755843][warning][config] [source/common/listener_manager/listener_impl.cc:1121] reuse_port was configured for TCP listener 'listener_0' and is being force disabled because Envoy is not running on Linux. See the documentation for more information.
[2025-06-30 15:38:20.343][4755843][info][config] [source/server/configuration_impl.cc:156] loading stats configuration
[2025-06-30 15:38:20.343][4755843][warning][main] [source/server/server.cc:959] There is no configured limit to the number of allowed active downstream connections. Configure a limit in `envoy.resource_monitors.global_downstream_max_connections` resource monitor.
[2025-06-30 15:38:20.343][4755843][info][main] [source/server/server.cc:1001] starting main dispatch loop
[2025-06-30 15:38:20.343][4755843][info][runtime] [source/common/runtime/runtime_impl.cc:632] RTDS has finished initialization
[2025-06-30 15:38:20.343][4755843][info][upstream] [source/common/upstream/cluster_manager_impl.cc:265] cm init: all clusters initialized
[2025-06-30 15:38:20.343][4755843][info][main] [source/server/server.cc:981] all clusters initialized. initializing init manager
[2025-06-30 15:38:20.343][4755843][info][config] [source/common/listener_manager/listener_manager_impl.cc:944] all dependencies initialized. starting workers
[2025-06-30 15:53:20.272][4755843][info][main] [source/server/drain_manager_impl.cc:94] shutting down parent after drain
[2025-06-30 16:15:43.364][4755843][warning][main] [source/server/server.cc:933] caught SIGINT
[2025-06-30 16:15:43.368][4755843][info][main] [source/server/server.cc:1069] shutting down server instance
[2025-06-30 16:15:43.369][4755843][info][main] [source/server/server.cc:1009] main dispatch loop exited
[2025-06-30 16:15:43.402][4755843][info][main] [source/server/server.cc:1061] exiting
